modelo,idx,comando,gt,pred_raw,pred_json,json_valido,parse_note,latencia_s,match_intent,match_dispositivo,match_ubicacion,match_valor,match_unidad,match_exact,modo_prompting,transformers_version
LFM2.5-350M,0,Prendé la luz del living.,"{""intent"": ""encender"", ""dispositivo"": ""luz"", ""ubicacion"": ""living"", ""valor"": null, ""unidad"": null}","{""intent"": ""ajustar"", ""dispositivo"": ""luz"", ""ubicacion"": ""living"", ""valor"": null, ""unidad"": ""%""}","{""intent"": ""ajustar"", ""dispositivo"": ""luz"", ""ubicacion"": ""living"", ""valor"": null, ""unidad"": ""%""}",True,,16.104,False,True,True,True,False,False,chat_template,5.14.1
LFM2.5-350M,1,Apagá la luz de la cocina.,"{""intent"": ""apagar"", ""dispositivo"": ""luz"", ""ubicacion"": ""cocina"", ""valor"": null, ""unidad"": null}","{""intent"": ""apagá"", ""dispositivo"": ""luz"", ""ubicacion"": ""cocina"", ""valor"": null, ""unidad"": ""%""}","{""intent"": ""apagá"", ""dispositivo"": ""luz"", ""ubicacion"": ""cocina"", ""valor"": null, ""unidad"": ""%""}",True,,9.783,False,True,True,True,False,False,chat_template,5.14.1
LFM2.5-350M,2,Encendé el aire acondicionado del dormitorio.,"{""intent"": ""encender"", ""dispositivo"": ""aire_acondicionado"", ""ubicacion"": ""dormitorio"", ""valor"": null, ""unidad"": null}","{""intent"": ""ajustar"", ""dispositivo"": ""luz"", ""ubicacion"": ""dormitorio"", ""valor"": null, ""unidad"": ""%""}","{""intent"": ""ajustar"", ""dispositivo"": ""luz"", ""ubicacion"": ""dormitorio"", ""valor"": null, ""unidad"": ""%""}",True,,9.87,False,False,True,True,False,False,chat_template,5.14.1
LFM2.5-350M,3,Apagá la tele del living.,"{""intent"": ""apagar"", ""dispositivo"": ""tv"", ""ubicacion"": ""living"", ""valor"": null, ""unidad"": null}","{""intent"": ""apagá"", ""dispositivo"": ""tele"", ""ubicacion"": ""living"", ""valor"": null, ""unidad"": ""%""}","{""intent"": ""apagá"", ""dispositivo"": ""tele"", ""ubicacion"": ""living"", ""valor"": null, ""unidad"": ""%""}",True,,9.322,False,False,True,True,False,False,chat_template,5.14.1
LFM2.5-350M,4,Prendé el ventilador del garage.,"{""intent"": ""encender"", ""dispositivo"": ""ventilador"", ""ubicacion"": ""garage"", ""valor"": null, ""unidad"": null}","{""intent"": ""ajustar"", ""dispositivo"": ""ventilador"", ""ubicacion"": ""garaje"", ""valor"": null, ""unidad"": ""%""}","{""intent"": ""ajustar"", ""dispositivo"": ""ventilador"", ""ubicacion"": ""garaje"", ""valor"": null, ""unidad"": ""%""}",True,,9.535,False,True,False,True,False,False,chat_template,5.14.1
LFM2.5-350M,5,Apagá la calefacción del baño.,"{""intent"": ""apagar"", ""dispositivo"": ""calefaccion"", ""ubicacion"": ""bano"", ""valor"": null, ""unidad"": null}","{""intent"": ""apagá"", ""dispositivo"": ""calefaccion"", ""ubicacion"": ""baño"", ""valor"": null, ""unidad"": ""%""}","{""intent"": ""apagá"", ""dispositivo"": ""calefaccion"", ""ubicacion"": ""baño"", ""valor"": null, ""unidad"": ""%""}",True,,10.275,False,True,False,True,False,False,chat_template,5.14.1
LFM2.5-350M,6,Encendé el parlante de la cocina.,"{""intent"": ""encender"", ""dispositivo"": ""parlante"", ""ubicacion"": ""cocina"", ""valor"": null, ""unidad"": null}","{""intent"": ""encendir"", ""dispositivo"": ""parlante"", ""ubicacion"": ""cocina"", ""unidad"": ""%""}","{""intent"": ""encendir"", ""dispositivo"": ""parlante"", ""ubicacion"": ""cocina"", ""unidad"": ""%""}",True,,9.727,False,True,True,True,False,False,chat_template,5.14.1
LFM2.5-350M,7,Cerrá la cerradura de la entrada.,"{""intent"": ""apagar"", ""dispositivo"": ""cerradura"", ""ubicacion"": ""entrada"", ""valor"": null, ""unidad"": null}","{""intent"": ""cerradura"", ""dispositivo"": ""cerradura"", ""ubicacion"": ""entrada"", ""unidad"": ""%""}","{""intent"": ""cerradura"", ""dispositivo"": ""cerradura"", ""ubicacion"": ""entrada"", ""unidad"": ""%""}",True,,9.972,False,True,True,True,False,False,chat_template,5.14.1
LFM2.5-350M,8,Poné el aire del dormitorio en 22 grados.,"{""intent"": ""ajustar"", ""dispositivo"": ""aire_acondicionado"", ""ubicacion"": ""dormitorio"", ""valor"": 22.0, ""unidad"": ""°C""}","{""intent"": ""ajustar"", ""dispositivo"": ""luz"", ""ubicacion"": ""dormitorio"", ""valor"": null, ""unidad"": ""%""}","{""intent"": ""ajustar"", ""dispositivo"": ""luz"", ""ubicacion"": ""dormitorio"", ""valor"": null, ""unidad"": ""%""}",True,,9.392,True,False,True,False,False,False,chat_template,5.14.1
LFM2.5-350M,9,Bajá la persiana del living al 50%.,"{""intent"": ""ajustar"", ""dispositivo"": ""persiana"", ""ubicacion"": ""living"", ""valor"": 50.0, ""unidad"": ""%""}","{""intent"": ""ajustar"", ""dispositivo"": ""luz"", ""ubicacion"": ""living"", ""valor"": null, ""unidad"": ""%""}","{""intent"": ""ajustar"", ""dispositivo"": ""luz"", ""ubicacion"": ""living"", ""valor"": null, ""unidad"": ""%""}",True,,9.26,True,False,True,False,True,False,chat_template,5.14.1
LFM2.5-350M,10,Poné la luz del dormitorio al 30% de brillo.,"{""intent"": ""ajustar"", ""dispositivo"": ""luz"", ""ubicacion"": ""dormitorio"", ""valor"": 30.0, ""unidad"": ""%""}","{""intent"": ""ajustar"", ""dispositivo"": ""luz"", ""ubicacion"": ""dormitorio"", ""valor"": null, ""unidad"": ""%""}","{""intent"": ""ajustar"", ""dispositivo"": ""luz"", ""ubicacion"": ""dormitorio"", ""valor"": null, ""unidad"": ""%""}",True,,9.718,True,True,True,False,True,False,chat_template,5.14.1
LFM2.5-350M,11,Configurá la calefacción de la cocina a 24 grados.,"{""intent"": ""ajustar"", ""dispositivo"": ""calefaccion"", ""ubicacion"": ""cocina"", ""valor"": 24.0, ""unidad"": ""°C""}","{""intent"": ""ajustar"", ""dispositivo"": ""calefaccion"", ""ubicacion"": ""cocina"", ""valor"": null, ""unidad"": ""°C""}","{""intent"": ""ajustar"", ""dispositivo"": ""calefaccion"", ""ubicacion"": ""cocina"", ""valor"": null, ""unidad"": ""°C""}",True,,9.708,True,True,True,False,True,False,chat_template,5.14.1
LFM2.5-350M,12,Subí la cortina del patio al 100%.,"{""intent"": ""ajustar"", ""dispositivo"": ""cortina"", ""ubicacion"": ""patio"", ""valor"": 100.0, ""unidad"": ""%""}","{""intent"": ""ajustar"", ""dispositivo"": ""luz"", ""ubicacion"": ""patio"", ""valor"": null, ""unidad"": ""%""}","{""intent"": ""ajustar"", ""dispositivo"": ""luz"", ""ubicacion"": ""patio"", ""valor"": null, ""unidad"": ""%""}",True,,9.599,True,False,True,False,True,False,chat_template,5.14.1
LFM2.5-350M,13,Poné el volumen del parlante del living en 40%.,"{""intent"": ""ajustar"", ""dispositivo"": ""parlante"", ""ubicacion"": ""living"", ""valor"": 40.0, ""unidad"": ""%""}","{""intent"": ""ajustar"", ""dispositivo"": ""parlante"", ""ubicacion"": ""living"", ""valor"": null, ""unidad"": ""%""}","{""intent"": ""ajustar"", ""dispositivo"": ""parlante"", ""ubicacion"": ""living"", ""valor"": null, ""unidad"": ""%""}",True,,9.45,True,True,True,False,True,False,chat_template,5.14.1
LFM2.5-350M,14,Dejá la luz del baño al 10%.,"{""intent"": ""ajustar"", ""dispositivo"": ""luz"", ""ubicacion"": ""bano"", ""valor"": 10.0, ""unidad"": ""%""}","{""intent"": ""ajustar"", ""dispositivo"": ""luz"", ""ubicacion"": ""baño"", ""valor"": null, ""unidad"": ""%""}","{""intent"": ""ajustar"", ""dispositivo"": ""luz"", ""ubicacion"": ""baño"", ""valor"": null, ""unidad"": ""%""}",True,,9.132,True,True,False,False,True,False,chat_template,5.14.1
LFM2.5-350M,15,Poné el aire del living en 19 grados.,"{""intent"": ""ajustar"", ""dispositivo"": ""aire_acondicionado"", ""ubicacion"": ""living"", ""valor"": 19.0, ""unidad"": ""°C""}","{""intent"": ""ajustar"", ""dispositivo"": ""luz"", ""ubicacion"": ""living"", ""valor"": null, ""unidad"": ""%""}","{""intent"": ""ajustar"", ""dispositivo"": ""luz"", ""ubicacion"": ""living"", ""valor"": null, ""unidad"": ""%""}",True,,9.165,True,False,True,False,False,False,chat_template,5.14.1
LFM2.5-350M,16,Bajale un poco a la luz del living.,"{""intent"": ""ajustar"", ""dispositivo"": ""luz"", ""ubicacion"": ""living"", ""valor"": null, ""unidad"": null}","{""intent"": ""ajustar"", ""dispositivo"": ""luz"", ""ubicacion"": ""living"", ""valor"": null, ""unidad"": ""%""}","{""intent"": ""ajustar"", ""dispositivo"": ""luz"", ""ubicacion"": ""living"", ""valor"": null, ""unidad"": ""%""}",True,,9.336,True,True,True,True,False,False,chat_template,5.14.1
LFM2.5-350M,17,"Hace un poco más de calor en el dormitorio, subí la calefacción.","{""intent"": ""ajustar"", ""dispositivo"": ""calefaccion"", ""ubicacion"": ""dormitorio"", ""valor"": null, ""unidad"": null}","{""intent"": ""ajustar"", ""dispositivo"": ""calefaccion"", ""ubicacion"": ""dormitorio"", ""valor"": null, ""unidad"": ""°C""}","{""intent"": ""ajustar"", ""dispositivo"": ""calefaccion"", ""ubicacion"": ""dormitorio"", ""valor"": null, ""unidad"": ""°C""}",True,,10.054,True,True,True,True,False,False,chat_template,5.14.1
LFM2.5-350M,18,"Está muy fuerte el aire de la cocina, bajalo.","{""intent"": ""ajustar"", ""dispositivo"": ""aire_acondicionado"", ""ubicacion"": ""cocina"", ""valor"": null, ""unidad"": null}","{""intent"": ""ajustar"", ""dispositivo"": ""luz"", ""ubicacion"": ""living"", ""valor"": null, ""unidad"": ""%""}","{""intent"": ""ajustar"", ""dispositivo"": ""luz"", ""ubicacion"": ""living"", ""valor"": null, ""unidad"": ""%""}",True,,9.078,True,False,False,True,False,False,chat_template,5.14.1
LFM2.5-350M,19,Subí un poco el volumen del parlante del dormitorio.,"{""intent"": ""ajustar"", ""dispositivo"": ""parlante"", ""ubicacion"": ""dormitorio"", ""valor"": null, ""unidad"": null}","{""intent"": ""ajustar"", ""dispositivo"": ""parlante"", ""ubicacion"": ""dormitorio"", ""valor"": null, ""unidad"": ""%""}","{""intent"": ""ajustar"", ""dispositivo"": ""parlante"", ""ubicacion"": ""dormitorio"", ""valor"": null, ""unidad"": ""%""}",True,,9.736,True,True,True,True,False,False,chat_template,5.14.1
LFM2.5-350M,20,"La persiana del baño no cerró del todo, bajala un toque más.","{""intent"": ""ajustar"", ""dispositivo"": ""persiana"", ""ubicacion"": ""bano"", ""valor"": null, ""unidad"": null}","{""intent"": ""ajustar"", ""dispositivo"": ""persiana"", ""ubicacion"": ""baño"", ""valor"": null, ""unidad"": ""%""}","{""intent"": ""ajustar"", ""dispositivo"": ""persiana"", ""ubicacion"": ""baño"", ""valor"": null, ""unidad"": ""%""}",True,,9.238,True,True,False,True,False,False,chat_template,5.14.1
LFM2.5-350M,21,Subile más luz al living que está muy oscuro.,"{""intent"": ""ajustar"", ""dispositivo"": ""luz"", ""ubicacion"": ""living"", ""valor"": null, ""unidad"": null}","{""intent"": ""ajustar"", ""dispositivo"": ""luz"", ""ubicacion"": ""living"", ""valor"": null, ""unidad"": ""%""}","{""intent"": ""ajustar"", ""dispositivo"": ""luz"", ""ubicacion"": ""living"", ""valor"": null, ""unidad"": ""%""}",True,,8.854,True,True,True,True,False,False,chat_template,5.14.1
LFM2.5-350M,22,Apagá todas las luces de la casa.,"{""intent"": ""apagar"", ""dispositivo"": ""luz"", ""ubicacion"": ""todas"", ""valor"": null, ""unidad"": null}","{""intent"": ""apagá"", ""dispositivo"": ""luz"", ""ubicacion"": ""casa"", ""valor"": null, ""unidad"": ""%""}","{""intent"": ""apagá"", ""dispositivo"": ""luz"", ""ubicacion"": ""casa"", ""valor"": null, ""unidad"": ""%""}",True,,9.65,False,True,False,True,False,False,chat_template,5.14.1
LFM2.5-350M,23,Prendé todos los aires acondicionados.,"{""intent"": ""encender"", ""dispositivo"": ""aire_acondicionado"", ""ubicacion"": ""todas"", ""valor"": null, ""unidad"": null}","{""intent"": ""ajustar"", ""dispositivo"": ""luz"", ""ubicacion"": ""living"", ""valor"": null, ""unidad"": ""%""}","{""intent"": ""ajustar"", ""dispositivo"": ""luz"", ""ubicacion"": ""living"", ""valor"": null, ""unidad"": ""%""}",True,,9.178,False,False,False,True,False,False,chat_template,5.14.1
LFM2.5-350M,24,Bajá todas las persianas de la casa.,"{""intent"": ""ajustar"", ""dispositivo"": ""persiana"", ""ubicacion"": ""todas"", ""valor"": 0.0, ""unidad"": ""%""}","{""intent"": ""ajustar"", ""dispositivo"": ""luz"", ""ubicacion"": ""living"", ""valor"": null, ""unidad"": ""%""}","{""intent"": ""ajustar"", ""dispositivo"": ""luz"", ""ubicacion"": ""living"", ""valor"": null, ""unidad"": ""%""}",True,,8.905,True,False,False,False,True,False,chat_template,5.14.1
LFM2.5-350M,25,Apagá todo antes de dormir.,"{""intent"": ""apagar"", ""dispositivo"": ""todos"", ""ubicacion"": ""todas"", ""valor"": null, ""unidad"": null}","{""intent"": ""apagá"", ""dispositivo"": ""cerradura"", ""ubicacion"": ""garaje"", ""unidad"": ""%""}","{""intent"": ""apagá"", ""dispositivo"": ""cerradura"", ""ubicacion"": ""garaje"", ""unidad"": ""%""}",True,,9.024,False,False,False,True,False,False,chat_template,5.14.1
LFM2.5-350M,26,¿Está prendida la luz del living?,"{""intent"": ""consultar"", ""dispositivo"": ""luz"", ""ubicacion"": ""living"", ""valor"": null, ""unidad"": null}","{""intent"": ""ajustar"", ""dispositivo"": ""luz"", ""ubicacion"": ""living"", ""valor"": null, ""unidad"": ""%""}","{""intent"": ""ajustar"", ""dispositivo"": ""luz"", ""ubicacion"": ""living"", ""valor"": null, ""unidad"": ""%""}",True,,9.552,False,True,True,True,False,False,chat_template,5.14.1
LFM2.5-350M,27,¿A cuántos grados está el aire del dormitorio?,"{""intent"": ""consultar"", ""dispositivo"": ""aire_acondicionado"", ""ubicacion"": ""dormitorio"", ""valor"": null, ""unidad"": null}","{""intent"": ""ajustar"", ""dispositivo"": ""luz"", ""ubicacion"": ""dormitorio"", ""valor"": null, ""unidad"": ""%""}","{""intent"": ""ajustar"", ""dispositivo"": ""luz"", ""ubicacion"": ""dormitorio"", ""valor"": null, ""unidad"": ""%""}",True,,9.509,False,False,True,True,False,False,chat_template,5.14.1
LFM2.5-350M,28,¿Quedó cerrada la cerradura de la entrada?,"{""intent"": ""consultar"", ""dispositivo"": ""cerradura"", ""ubicacion"": ""entrada"", ""valor"": null, ""unidad"": null}","{""intent"": ""consultar"", ""dispositivo"": ""cerradura"", ""ubicacion"": ""entrada"", ""unidad"": ""%""}","{""intent"": ""consultar"", ""dispositivo"": ""cerradura"", ""ubicacion"": ""entrada"", ""unidad"": ""%""}",True,,8.935,True,True,True,True,False,False,chat_template,5.14.1
LFM2.5-350M,29,"No dejes prendida la luz de la cocina, apagala.","{""intent"": ""apagar"", ""dispositivo"": ""luz"", ""ubicacion"": ""cocina"", ""valor"": null, ""unidad"": null}","{""intent"": ""consultar"", ""dispositivo"": ""luz"", ""ubicacion"": ""cocina"", ""unidad"": ""%""}","{""intent"": ""consultar"", ""dispositivo"": ""luz"", ""ubicacion"": ""cocina"", ""unidad"": ""%""}",True,,8.85,False,True,True,True,False,False,chat_template,5.14.1
LFM2.5-350M,30,"Che, la tele del living quedó prendida, apagala por favor.","{""intent"": ""apagar"", ""dispositivo"": ""tv"", ""ubicacion"": ""living"", ""valor"": null, ""unidad"": null}","{""intent"": ""ajustar"", ""dispositivo"": ""luz"", ""ubicacion"": ""living"", ""valor"": null, ""unidad"": ""%""}","{""intent"": ""ajustar"", ""dispositivo"": ""luz"", ""ubicacion"": ""living"", ""valor"": null, ""unidad"": ""%""}",True,,9.003,False,False,True,True,False,False,chat_template,5.14.1
LFM2.5-350M,31,"Antes me olvidé, prendé la luz del baño.","{""intent"": ""encender"", ""dispositivo"": ""luz"", ""ubicacion"": ""bano"", ""valor"": null, ""unidad"": null}","{""intent"": ""ajustar"", ""dispositivo"": ""luz"", ""ubicacion"": ""baño"", ""valor"": null, ""unidad"": ""%""}","{""intent"": ""ajustar"", ""dispositivo"": ""luz"", ""ubicacion"": ""baño"", ""valor"": null, ""unidad"": ""%""}",True,,8.901,False,True,False,True,False,False,chat_template,5.14.1
