modelo,idx,etiquetas,juez_raw,juez_parse_ok
LFM2.5-230M,0,confusion_dispositivo,confusion_dispositivo,True
LFM2.5-230M,2,confusion_dispositivo,confusion_dispositivo;,True
LFM2.5-230M,3,confusion_dispositivo,confusion_dispositivo,True
LFM2.5-230M,4,confusion_dispositivo,confusion_dispositivo,True
LFM2.5-230M,5,confusion_ubicacion,confusion_ubicacion,True
LFM2.5-230M,6,confusion_dispositivo,confusion_dispositivo,True
LFM2.5-230M,7,uso_de_sinonimos,uso_de_sinonimos,True
LFM2.5-230M,8,confusion_dispositivo;confusion_ubicacion,confusion_dispositivo;confusion_ubicacion,True
LFM2.5-230M,9,confusion_dispositivo;confusion_ubicacion,confusion_dispositivo;confusion_ubicacion,True
LFM2.5-230M,10,confusion_dispositivo,confusion_dispositivo,True
LFM2.5-230M,11,confusion_dispositivo,confusion_dispositivo,True
LFM2.5-230M,12,confusion_dispositivo,confusion_dispositivo,True
LFM2.5-230M,13,confusion_dispositivo,confusion_dispositivo;,True
LFM2.5-230M,14,confusion_dispositivo,confusion_dispositivo;,True
LFM2.5-230M,15,confusion_dispositivo;confusion_ubicacion,confusion_dispositivo;confusion_ubicacion,True
LFM2.5-230M,17,sin_error_semantico,sin_error_semantico,True
LFM2.5-230M,18,confusion_dispositivo,confusion_dispositivo;,True
LFM2.5-230M,19,uso_de_sinonimos,uso_de_sinonimos,True
LFM2.5-230M,20,confusion_dispositivo,confusion_dispositivo;,True
LFM2.5-230M,21,uso_de_sinonimos,uso_de_sinonimos,True
LFM2.5-230M,22,uso_de_sinonimos,uso_de_sinonimos,True
LFM2.5-230M,23,confusion_dispositivo,confusion_dispositivo;,True
LFM2.5-230M,24,confusion_dispositivo,confusion_dispositivo;,True
LFM2.5-230M,25,confusion_dispositivo,confusion_dispositivo;,True
LFM2.5-230M,26,uso_de_sinonimos,uso_de_sinonimos,True
LFM2.5-230M,27,uso_de_sinonimos,uso_de_sinonimos,True
LFM2.5-230M,28,uso_de_sinonimos,uso_de_sinonimos,True
LFM2.5-230M,29,uso_de_sinonimos,uso_de_sinonimos,True
LFM2.5-230M,30,confusion_dispositivo,confusion_dispositivo;,True
LFM2.5-230M,31,confusion_dispositivo,confusion_dispositivo,True
LFM2.5-350M,0,uso_de_sinonimos,uso_de_sinonimos,True
LFM2.5-350M,1,uso_de_sinonimos,uso_de_sinonimos,True
LFM2.5-350M,2,confusion_dispositivo,confusion_dispositivo;,True
LFM2.5-350M,3,confusion_dispositivo,confusion_dispositivo,True
LFM2.5-350M,4,uso_de_sinonimos,uso_de_sinonimos,True
LFM2.5-350M,5,uso_de_sinonimos,uso_de_sinonimos,True
LFM2.5-350M,6,uso_de_sinonimos,uso_de_sinonimos,True
LFM2.5-350M,7,confusion_dispositivo,confusion_dispositivo,True
LFM2.5-350M,8,confusion_dispositivo;confusion_ubicacion,confusion_dispositivo;confusion_ubicacion,True
LFM2.5-350M,9,confusion_dispositivo;confusion_ubicacion,confusion_dispositivo;confusion_ubicacion,True
LFM2.5-350M,10,confusion_dispositivo,confusion_dispositivo,True
LFM2.5-350M,11,confusion_dispositivo,confusion_dispositivo,True
LFM2.5-350M,12,confusion_dispositivo,confusion_dispositivo;,True
LFM2.5-350M,13,confusion_dispositivo,confusion_dispositivo,True
LFM2.5-350M,14,confusion_dispositivo,confusion_dispositivo,True
LFM2.5-350M,15,confusion_dispositivo;confusion_ubicacion,confusion_dispositivo;confusion_ubicacion,True
LFM2.5-350M,16,uso_de_sinonimos,uso_de_sinonimos,True
LFM2.5-350M,17,sin_error_semantico,sin_error_semantico,True
LFM2.5-350M,18,confusion_dispositivo;confusion_ubicacion,confusion_dispositivo;confusion_ubicacion,True
LFM2.5-350M,19,uso_de_sinonimos,uso_de_sinonimos,True
LFM2.5-350M,20,confusion_dispositivo,confusion_dispositivo;,True
LFM2.5-350M,21,uso_de_sinonimos,uso_de_sinonimos,True
LFM2.5-350M,22,confusion_dispositivo,confusion_dispositivo,True
LFM2.5-350M,23,confusion_dispositivo,confusion_dispositivo;,True
LFM2.5-350M,24,confusion_dispositivo,confusion_dispositivo;,True
LFM2.5-350M,25,confusion_dispositivo,confusion_dispositivo;,True
LFM2.5-350M,26,confusion_dispositivo,confusion_dispositivo;,True
LFM2.5-350M,27,confusion_dispositivo;confusion_ubicacion,confusion_dispositivo;confusion_ubicacion,True
LFM2.5-350M,28,uso_de_sinonimos,uso_de_sinonimos,True
LFM2.5-350M,29,uso_de_sinonimos,uso_de_sinonimos,True
LFM2.5-350M,30,confusion_dispositivo,confusion_dispositivo;,True
LFM2.5-350M,31,uso_de_sinonimos,uso_de_sinonimos,True
