modelo,idx,comando,gt,pred_raw,pred_json,json_valido,parse_note,latencia_s,match_intent,match_dispositivo,match_ubicacion,match_valor,match_unidad,match_exact
SmolLM2-360M-Instruct,0,Prendé la luz del living.,"{""intent"": ""encender"", ""dispositivo"": ""luz"", ""ubicacion"": ""living"", ""valor"": null, ""unidad"": null}","{""intent"": ""encender"", ""dispositivo"": ""luz"", ""ubicacion"": ""living"", ""valor"": null, ""unidad"": null}","{""intent"": ""encender"", ""dispositivo"": ""luz"", ""ubicacion"": ""living"", ""valor"": null, ""unidad"": null}",True,,37.399,True,True,True,True,True,True
SmolLM2-360M-Instruct,1,Apagá la luz de la cocina.,"{""intent"": ""apagar"", ""dispositivo"": ""luz"", ""ubicacion"": ""cocina"", ""valor"": null, ""unidad"": null}","{""intent"": ""apagar"", ""dispositivo"": ""aire_acondicionado"", ""ubicacion"": ""cocina"", ""valor"": null, ""unidad"": null}","{""intent"": ""apagar"", ""dispositivo"": ""aire_acondicionado"", ""ubicacion"": ""cocina"", ""valor"": null, ""unidad"": null}",True,,15.045,True,False,True,True,True,False
SmolLM2-360M-Instruct,2,Encendé el aire acondicionado del dormitorio.,"{""intent"": ""encender"", ""dispositivo"": ""aire_acondicionado"", ""ubicacion"": ""dormitorio"", ""valor"": null, ""unidad"": null}","{""intent"": ""apagar"", ""dispositivo"": ""aire_acondicionado"", ""ubicacion"": ""dormitorio"", ""valor"": null, ""unidad"": null}","{""intent"": ""apagar"", ""dispositivo"": ""aire_acondicionado"", ""ubicacion"": ""dormitorio"", ""valor"": null, ""unidad"": null}",True,,14.643,False,True,True,True,True,False
SmolLM2-360M-Instruct,3,Apagá la tele del living.,"{""intent"": ""apagar"", ""dispositivo"": ""tv"", ""ubicacion"": ""living"", ""valor"": null, ""unidad"": null}","{""intent"": ""apagar"", ""dispositivo"": ""tele"", ""ubicacion"": ""living"", ""valor"": null, ""unidad"": null}","{""intent"": ""apagar"", ""dispositivo"": ""tele"", ""ubicacion"": ""living"", ""valor"": null, ""unidad"": null}",True,,14.855,True,False,True,True,True,False
SmolLM2-360M-Instruct,4,Prendé el ventilador del garage.,"{""intent"": ""encender"", ""dispositivo"": ""ventilador"", ""ubicacion"": ""garage"", ""valor"": null, ""unidad"": null}","{""intent"": ""apagar"", ""dispositivo"": ""ventilador"", ""ubicacion"": ""garage"", ""valor"": null, ""unidad"": null}","{""intent"": ""apagar"", ""dispositivo"": ""ventilador"", ""ubicacion"": ""garage"", ""valor"": null, ""unidad"": null}",True,,14.671,False,True,True,True,True,False
SmolLM2-360M-Instruct,5,Apagá la calefacción del baño.,"{""intent"": ""apagar"", ""dispositivo"": ""calefaccion"", ""ubicacion"": ""bano"", ""valor"": null, ""unidad"": null}","{""intent"": ""apagar"", ""dispositivo"": ""calefaccion"", ""ubicacion"": ""baño"", ""valor"": null, ""unidad"": null}","{""intent"": ""apagar"", ""dispositivo"": ""calefaccion"", ""ubicacion"": ""baño"", ""valor"": null, ""unidad"": null}",True,,14.55,True,True,False,True,True,False
SmolLM2-360M-Instruct,6,Encendé el parlante de la cocina.,"{""intent"": ""encender"", ""dispositivo"": ""parlante"", ""ubicacion"": ""cocina"", ""valor"": null, ""unidad"": null}","{""intent"": ""apagar"", ""dispositivo"": ""parlante"", ""ubicacion"": ""cocina"", ""valor"": null, ""unidad"": null}","{""intent"": ""apagar"", ""dispositivo"": ""parlante"", ""ubicacion"": ""cocina"", ""valor"": null, ""unidad"": null}",True,,15.86,False,True,True,True,True,False
SmolLM2-360M-Instruct,7,Cerrá la cerradura de la entrada.,"{""intent"": ""apagar"", ""dispositivo"": ""cerradura"", ""ubicacion"": ""entrada"", ""valor"": null, ""unidad"": null}","{""intent"": ""consultar"", ""dispositivo"": ""ventilador"", ""ubicacion"": ""entrada"", ""valor"": null, ""unidad"": null}","{""intent"": ""consultar"", ""dispositivo"": ""ventilador"", ""ubicacion"": ""entrada"", ""valor"": null, ""unidad"": null}",True,,15.425,False,False,True,True,True,False
SmolLM2-360M-Instruct,8,Poné el aire del dormitorio en 22 grados.,"{""intent"": ""ajustar"", ""dispositivo"": ""aire_acondicionado"", ""ubicacion"": ""dormitorio"", ""valor"": 22, ""unidad"": ""°C""}","{""intent"": ""ajustar"", ""dispositivo"": ""aire_acondicionado"", ""ubicacion"": ""dormitorio"", ""valor"": 22, ""unidad"": ""°C""}","{""intent"": ""ajustar"", ""dispositivo"": ""aire_acondicionado"", ""ubicacion"": ""dormitorio"", ""valor"": 22, ""unidad"": ""°C""}",True,,16.551,True,True,True,True,True,True
SmolLM2-360M-Instruct,9,Bajá la persiana del living al 50%.,"{""intent"": ""ajustar"", ""dispositivo"": ""persiana"", ""ubicacion"": ""living"", ""valor"": 50, ""unidad"": ""%""}","{""intent"": ""consultar"", ""dispositivo"": ""persiana"", ""ubicacion"": ""living"", ""valor"": null, ""unidad"": null}","{""intent"": ""consultar"", ""dispositivo"": ""persiana"", ""ubicacion"": ""living"", ""valor"": null, ""unidad"": null}",True,,14.076,False,True,True,False,False,False
SmolLM2-360M-Instruct,10,Poné la luz del dormitorio al 30% de brillo.,"{""intent"": ""ajustar"", ""dispositivo"": ""luz"", ""ubicacion"": ""dormitorio"", ""valor"": 30, ""unidad"": ""%""}","{""intent"": ""consultar"", ""dispositivo"": ""dormitorio"", ""ubicacion"": ""dormitorio"", ""valor"": null, ""unidad"": null}","{""intent"": ""consultar"", ""dispositivo"": ""dormitorio"", ""ubicacion"": ""dormitorio"", ""valor"": null, ""unidad"": null}",True,,14.643,False,False,True,False,False,False
SmolLM2-360M-Instruct,11,Configurá la calefacción de la cocina a 24 grados.,"{""intent"": ""ajustar"", ""dispositivo"": ""calefaccion"", ""ubicacion"": ""cocina"", ""valor"": 24, ""unidad"": ""°C""}","{""intent"": ""consultar"", ""dispositivo"": ""calefaccion"", ""ubicacion"": ""cocina"", ""valor"": null, ""unidad"": null}","{""intent"": ""consultar"", ""dispositivo"": ""calefaccion"", ""ubicacion"": ""cocina"", ""valor"": null, ""unidad"": null}",True,,14.39,False,True,True,False,False,False
SmolLM2-360M-Instruct,12,Subí la cortina del patio al 100%.,"{""intent"": ""ajustar"", ""dispositivo"": ""cortina"", ""ubicacion"": ""patio"", ""valor"": 100, ""unidad"": ""%""}","{""intent"": ""consultar"", ""dispositivo"": ""cortina"", ""ubicacion"": ""patio"", ""valor"": null, ""unidad"": null}","{""intent"": ""consultar"", ""dispositivo"": ""cortina"", ""ubicacion"": ""patio"", ""valor"": null, ""unidad"": null}",True,,14.82,False,True,True,False,False,False
SmolLM2-360M-Instruct,13,Poné el volumen del parlante del living en 40%.,"{""intent"": ""ajustar"", ""dispositivo"": ""parlante"", ""ubicacion"": ""living"", ""valor"": 40, ""unidad"": ""%""}","{""intent"": ""consultar"", ""dispositivo"": ""parlante"", ""ubicacion"": ""living"", ""valor"": null, ""unidad"": null}","{""intent"": ""consultar"", ""dispositivo"": ""parlante"", ""ubicacion"": ""living"", ""valor"": null, ""unidad"": null}",True,,26.28,False,True,True,False,False,False
SmolLM2-360M-Instruct,14,Dejá la luz del baño al 10%.,"{""intent"": ""ajustar"", ""dispositivo"": ""luz"", ""ubicacion"": ""bano"", ""valor"": 10, ""unidad"": ""%""}","{""intent"": ""consultar"", ""dispositivo"": ""baño"", ""ubicacion"": ""baño"", ""valor"": null, ""unidad"": null}","{""intent"": ""consultar"", ""dispositivo"": ""baño"", ""ubicacion"": ""baño"", ""valor"": null, ""unidad"": null}",True,,14.743,False,False,False,False,False,False
SmolLM2-360M-Instruct,15,Poné el aire del living en 19 grados.,"{""intent"": ""ajustar"", ""dispositivo"": ""aire_acondicionado"", ""ubicacion"": ""living"", ""valor"": 19, ""unidad"": ""°C""}","{""intent"": ""ajustar"", ""dispositivo"": ""aire_acondicionado"", ""ubicacion"": ""living"", ""valor"": 19, ""unidad"": ""°C""}","{""intent"": ""ajustar"", ""dispositivo"": ""aire_acondicionado"", ""ubicacion"": ""living"", ""valor"": 19, ""unidad"": ""°C""}",True,,15.066,True,True,True,True,True,True
SmolLM2-360M-Instruct,16,Bajale un poco a la luz del living.,"{""intent"": ""ajustar"", ""dispositivo"": ""luz"", ""ubicacion"": ""living"", ""valor"": null, ""unidad"": null}","{""intent"": ""apagar"", ""dispositivo"": ""luz"", ""ubicacion"": ""living"", ""valor"": null, ""unidad"": null}","{""intent"": ""apagar"", ""dispositivo"": ""luz"", ""ubicacion"": ""living"", ""valor"": null, ""unidad"": null}",True,,15.117,False,True,True,True,True,False
SmolLM2-360M-Instruct,17,"Hace un poco más de calor en el dormitorio, subí la calefacción.","{""intent"": ""ajustar"", ""dispositivo"": ""calefaccion"", ""ubicacion"": ""dormitorio"", ""valor"": null, ""unidad"": null}","{""intent"": ""consultar"", ""dispositivo"": ""calefaccion"", ""ubicacion"": ""dormitorio"", ""valor"": null, ""unidad"": null}","{""intent"": ""consultar"", ""dispositivo"": ""calefaccion"", ""ubicacion"": ""dormitorio"", ""valor"": null, ""unidad"": null}",True,,14.717,False,True,True,True,True,False
SmolLM2-360M-Instruct,18,"Está muy fuerte el aire de la cocina, bajalo.","{""intent"": ""ajustar"", ""dispositivo"": ""aire_acondicionado"", ""ubicacion"": ""cocina"", ""valor"": null, ""unidad"": null}","{""intent"": ""consultar"", ""dispositivo"": ""aire_acondicionado"", ""ubicacion"": ""cocina"", ""valor"": null, ""unidad"": null}","{""intent"": ""consultar"", ""dispositivo"": ""aire_acondicionado"", ""ubicacion"": ""cocina"", ""valor"": null, ""unidad"": null}",True,,14.521,False,True,True,True,True,False
SmolLM2-360M-Instruct,19,Subí un poco el volumen del parlante del dormitorio.,"{""intent"": ""ajustar"", ""dispositivo"": ""parlante"", ""ubicacion"": ""dormitorio"", ""valor"": null, ""unidad"": null}","{""intent"": ""consultar"", ""dispositivo"": ""parlante"", ""ubicacion"": ""dormitorio"", ""valor"": null, ""unidad"": null}","{""intent"": ""consultar"", ""dispositivo"": ""parlante"", ""ubicacion"": ""dormitorio"", ""valor"": null, ""unidad"": null}",True,,14.535,False,True,True,True,True,False
SmolLM2-360M-Instruct,20,"La persiana del baño no cerró del todo, bajala un toque más.","{""intent"": ""ajustar"", ""dispositivo"": ""persiana"", ""ubicacion"": ""bano"", ""valor"": null, ""unidad"": null}","{""intent"": ""consultar"", ""dispositivo"": ""persiana"", ""ubicacion"": ""baño"", ""valor"": null, ""unidad"": null}","{""intent"": ""consultar"", ""dispositivo"": ""persiana"", ""ubicacion"": ""baño"", ""valor"": null, ""unidad"": null}",True,,14.251,False,True,False,True,True,False
SmolLM2-360M-Instruct,21,Subile más luz al living que está muy oscuro.,"{""intent"": ""ajustar"", ""dispositivo"": ""luz"", ""ubicacion"": ""living"", ""valor"": null, ""unidad"": null}","{""intent"": ""consultar"", ""dispositivo"": ""living"", ""valor"": null, ""unidad"": null}","{""intent"": ""consultar"", ""dispositivo"": ""living"", ""valor"": null, ""unidad"": null}",True,,12.757,False,False,False,True,True,False
SmolLM2-360M-Instruct,22,Apagá todas las luces de la casa.,"{""intent"": ""apagar"", ""dispositivo"": ""luz"", ""ubicacion"": ""todas"", ""valor"": null, ""unidad"": null}","{""intent"": ""apagar"", ""dispositivo"": ""lumina"", ""ubicacion"": ""casa"", ""valor"": null, ""unidad"": null}","{""intent"": ""apagar"", ""dispositivo"": ""lumina"", ""ubicacion"": ""casa"", ""valor"": null, ""unidad"": null}",True,,13.632,True,False,False,True,True,False
SmolLM2-360M-Instruct,23,Prendé todos los aires acondicionados.,"{""intent"": ""encender"", ""dispositivo"": ""aire_acondicionado"", ""ubicacion"": ""todas"", ""valor"": null, ""unidad"": null}","{""intent"": ""apagar"", ""dispositivo"": ""aire_acondicionado"", ""ubicacion"": ""cocina"", ""valor"": null, ""unidad"": null}","{""intent"": ""apagar"", ""dispositivo"": ""aire_acondicionado"", ""ubicacion"": ""cocina"", ""valor"": null, ""unidad"": null}",True,,15.117,False,True,False,True,True,False
SmolLM2-360M-Instruct,24,Bajá todas las persianas de la casa.,"{""intent"": ""ajustar"", ""dispositivo"": ""persiana"", ""ubicacion"": ""todas"", ""valor"": 0, ""unidad"": ""%""}","{""intent"": ""consultar"", ""dispositivo"": ""persiana"", ""ubicacion"": ""cocina"", ""valor"": null, ""unidad"": null}","{""intent"": ""consultar"", ""dispositivo"": ""persiana"", ""ubicacion"": ""cocina"", ""valor"": null, ""unidad"": null}",True,,14.012,False,True,False,False,False,False
SmolLM2-360M-Instruct,25,Apagá todo antes de dormir.,"{""intent"": ""apagar"", ""dispositivo"": ""todos"", ""ubicacion"": ""todas"", ""valor"": null, ""unidad"": null}","{""intent"": ""apagar"", ""dispositivo"": ""todos"", ""ubicacion"": ""dormitorio"", ""valor"": null, ""unidad"": null}","{""intent"": ""apagar"", ""dispositivo"": ""todos"", ""ubicacion"": ""dormitorio"", ""valor"": null, ""unidad"": null}",True,,14.766,True,True,False,True,True,False
SmolLM2-360M-Instruct,26,¿Está prendida la luz del living?,"{""intent"": ""consultar"", ""dispositivo"": ""luz"", ""ubicacion"": ""living"", ""valor"": null, ""unidad"": null}","{""intent"": ""consultar"", ""dispositivo"": ""living"", ""ubicacion"": ""living"", ""valor"": null, ""unidad"": null}","{""intent"": ""consultar"", ""dispositivo"": ""living"", ""ubicacion"": ""living"", ""valor"": null, ""unidad"": null}",True,,13.514,True,False,True,True,True,False
SmolLM2-360M-Instruct,27,¿A cuántos grados está el aire del dormitorio?,"{""intent"": ""consultar"", ""dispositivo"": ""aire_acondicionado"", ""ubicacion"": ""dormitorio"", ""valor"": null, ""unidad"": null}","{""intent"": ""consultar"", ""dispositivo"": ""aire_acondicionado"", ""ubicacion"": ""dormitorio"", ""valor"": null, ""unidad"": null}","{""intent"": ""consultar"", ""dispositivo"": ""aire_acondicionado"", ""ubicacion"": ""dormitorio"", ""valor"": null, ""unidad"": null}",True,,14.973,True,True,True,True,True,True
SmolLM2-360M-Instruct,28,¿Quedó cerrada la cerradura de la entrada?,"{""intent"": ""consultar"", ""dispositivo"": ""cerradura"", ""ubicacion"": ""entrada"", ""valor"": null, ""unidad"": null}","{""intent"": ""consultar"", ""dispositivo"": ""cerradura"", ""ubicacion"": ""entrada"", ""valor"": null, ""unidad"": null}","{""intent"": ""consultar"", ""dispositivo"": ""cerradura"", ""ubicacion"": ""entrada"", ""valor"": null, ""unidad"": null}",True,,14.22,True,True,True,True,True,True
SmolLM2-360M-Instruct,29,"No dejes prendida la luz de la cocina, apagala.","{""intent"": ""apagar"", ""dispositivo"": ""luz"", ""ubicacion"": ""cocina"", ""valor"": null, ""unidad"": null}","{""intent"": ""apagar"", ""dispositivo"": ""luz"", ""ubicacion"": ""cocina"", ""valor"": null, ""unidad"": null}","{""intent"": ""apagar"", ""dispositivo"": ""luz"", ""ubicacion"": ""cocina"", ""valor"": null, ""unidad"": null}",True,,13.881,True,True,True,True,True,True
SmolLM2-360M-Instruct,30,"Che, la tele del living quedó prendida, apagala por favor.","{""intent"": ""apagar"", ""dispositivo"": ""tv"", ""ubicacion"": ""living"", ""valor"": null, ""unidad"": null}","{""intent"": ""apagar"", ""dispositivo"": ""tele"", ""ubicacion"": ""living"", ""valor"": null, ""unidad"": null}","{""intent"": ""apagar"", ""dispositivo"": ""tele"", ""ubicacion"": ""living"", ""valor"": null, ""unidad"": null}",True,,13.121,True,False,True,True,True,False
SmolLM2-360M-Instruct,31,"Antes me olvidé, prendé la luz del baño.","{""intent"": ""encender"", ""dispositivo"": ""luz"", ""ubicacion"": ""bano"", ""valor"": null, ""unidad"": null}","{""intent"": ""apagar"", ""dispositivo"": ""baño"", ""ubicacion"": ""baño"", ""valor"": null, ""unidad"": null}","{""intent"": ""apagar"", ""dispositivo"": ""baño"", ""ubicacion"": ""baño"", ""valor"": null, ""unidad"": null}",True,,13.605,False,False,False,True,True,False
Qwen2.5-0.5B-Instruct,0,Prendé la luz del living.,"{""intent"": ""encender"", ""dispositivo"": ""luz"", ""ubicacion"": ""living"", ""valor"": null, ""unidad"": null}","```json {   ""intent"": ""encender"",   ""dispositivo"": ""luz"",   ""ubicacion"": ""living"",   ""valor"": null,   ""unidad"": null } ```","{""intent"": ""encender"", ""dispositivo"": ""luz"", ""ubicacion"": ""living"", ""valor"": null, ""unidad"": null}",True,,35.274,True,True,True,True,True,True
Qwen2.5-0.5B-Instruct,1,Apagá la luz de la cocina.,"{""intent"": ""apagar"", ""dispositivo"": ""luz"", ""ubicacion"": ""cocina"", ""valor"": null, ""unidad"": null}","```json {   ""intent"": ""apagar"",   ""dispositivo"": ""luz"",   ""ubicacion"": ""cocina"",   ""valor"": null,   ""unidad"": null } ```","{""intent"": ""apagar"", ""dispositivo"": ""luz"", ""ubicacion"": ""cocina"", ""valor"": null, ""unidad"": null}",True,,13.578,True,True,True,True,True,True
Qwen2.5-0.5B-Instruct,2,Encendé el aire acondicionado del dormitorio.,"{""intent"": ""encender"", ""dispositivo"": ""aire_acondicionado"", ""ubicacion"": ""dormitorio"", ""valor"": null, ""unidad"": null}","```json {   ""intent"": ""encender"",   ""dispositivo"": ""aire_acondicionado"",   ""ubicacion"": ""dormitorio"",   ""valor"": null,   ""unidad"": null } ```","{""intent"": ""encender"", ""dispositivo"": ""aire_acondicionado"", ""ubicacion"": ""dormitorio"", ""valor"": null, ""unidad"": null}",True,,14.103,True,True,True,True,True,True
Qwen2.5-0.5B-Instruct,3,Apagá la tele del living.,"{""intent"": ""apagar"", ""dispositivo"": ""tv"", ""ubicacion"": ""living"", ""valor"": null, ""unidad"": null}","```json {   ""intent"": ""apagar"",   ""dispositivo"": ""tele"",   ""ubicacion"": ""living"",   ""valor"": null,   ""unidad"": null } ```","{""intent"": ""apagar"", ""dispositivo"": ""tele"", ""ubicacion"": ""living"", ""valor"": null, ""unidad"": null}",True,,13.236,True,False,True,True,True,False
Qwen2.5-0.5B-Instruct,4,Prendé el ventilador del garage.,"{""intent"": ""encender"", ""dispositivo"": ""ventilador"", ""ubicacion"": ""garage"", ""valor"": null, ""unidad"": null}","```json {   ""intent"": ""encender"",   ""dispositivo"": ""ventilador"",   ""ubicacion"": ""garage"",   ""valor"": null,   ""unidad"": null } ```","{""intent"": ""encender"", ""dispositivo"": ""ventilador"", ""ubicacion"": ""garage"", ""valor"": null, ""unidad"": null}",True,,13.576,True,True,True,True,True,True
Qwen2.5-0.5B-Instruct,5,Apagá la calefacción del baño.,"{""intent"": ""apagar"", ""dispositivo"": ""calefaccion"", ""ubicacion"": ""bano"", ""valor"": null, ""unidad"": null}","```json {   ""intent"": ""apagar"",   ""dispositivo"": ""calefaccion"",   ""ubicacion"": ""baño"",   ""valor"": null,   ""unidad"": null } ```","{""intent"": ""apagar"", ""dispositivo"": ""calefaccion"", ""ubicacion"": ""baño"", ""valor"": null, ""unidad"": null}",True,,13.499,True,True,False,True,True,False
Qwen2.5-0.5B-Instruct,6,Encendé el parlante de la cocina.,"{""intent"": ""encender"", ""dispositivo"": ""parlante"", ""ubicacion"": ""cocina"", ""valor"": null, ""unidad"": null}","```json {   ""intent"": ""encender"",   ""dispositivo"": ""parlante"",   ""ubicacion"": ""cocina"",   ""valor"": null,   ""unidad"": null } ```","{""intent"": ""encender"", ""dispositivo"": ""parlante"", ""ubicacion"": ""cocina"", ""valor"": null, ""unidad"": null}",True,,13.29,True,True,True,True,True,True
Qwen2.5-0.5B-Instruct,7,Cerrá la cerradura de la entrada.,"{""intent"": ""apagar"", ""dispositivo"": ""cerradura"", ""ubicacion"": ""entrada"", ""valor"": null, ""unidad"": null}","```json {   ""intent"": ""cerrar"",   ""dispositivo"": ""cerradura"",   ""ubicacion"": ""entrada"",   ""valor"": null,   ""unidad"": null } ```","{""intent"": ""cerrar"", ""dispositivo"": ""cerradura"", ""ubicacion"": ""entrada"", ""valor"": null, ""unidad"": null}",True,,13.617,False,True,True,True,True,False
Qwen2.5-0.5B-Instruct,8,Poné el aire del dormitorio en 22 grados.,"{""intent"": ""ajustar"", ""dispositivo"": ""aire_acondicionado"", ""ubicacion"": ""dormitorio"", ""valor"": 22, ""unidad"": ""°C""}","```json {   ""intent"": ""ajustar"",   ""dispositivo"": ""aire_acondicionado"",   ""ubicacion"": ""dormitorio"",   ""valor"": 22,   ""unidad"": ""°C"" } ```","{""intent"": ""ajustar"", ""dispositivo"": ""aire_acondicionado"", ""ubicacion"": ""dormitorio"", ""valor"": 22, ""unidad"": ""°C""}",True,,14.849,True,True,True,True,True,True
Qwen2.5-0.5B-Instruct,9,Bajá la persiana del living al 50%.,"{""intent"": ""ajustar"", ""dispositivo"": ""persiana"", ""ubicacion"": ""living"", ""valor"": 50, ""unidad"": ""%""}","```json {   ""intent"": ""ajustar"",   ""dispositivo"": ""persiana"",   ""ubicacion"": ""living"",   ""valor"": 50,   ""unidad"": ""%"" } ```","{""intent"": ""ajustar"", ""dispositivo"": ""persiana"", ""ubicacion"": ""living"", ""valor"": 50, ""unidad"": ""%""}",True,,13.976,True,True,True,True,True,True
Qwen2.5-0.5B-Instruct,10,Poné la luz del dormitorio al 30% de brillo.,"{""intent"": ""ajustar"", ""dispositivo"": ""luz"", ""ubicacion"": ""dormitorio"", ""valor"": 30, ""unidad"": ""%""}","```json {   ""intent"": ""ajustar"",   ""dispositivo"": ""luz"",   ""ubicacion"": ""dormitorio"",   ""valor"": 30,   ""unidad"": ""%"" } ```","{""intent"": ""ajustar"", ""dispositivo"": ""luz"", ""ubicacion"": ""dormitorio"", ""valor"": 30, ""unidad"": ""%""}",True,,14.655,True,True,True,True,True,True
Qwen2.5-0.5B-Instruct,11,Configurá la calefacción de la cocina a 24 grados.,"{""intent"": ""ajustar"", ""dispositivo"": ""calefaccion"", ""ubicacion"": ""cocina"", ""valor"": 24, ""unidad"": ""°C""}","```json {   ""intent"": ""ajustar"",   ""dispositivo"": ""calefaccion"",   ""ubicacion"": ""cocina"",   ""valor"": 24,   ""unidad"": ""°C"" } ```","{""intent"": ""ajustar"", ""dispositivo"": ""calefaccion"", ""ubicacion"": ""cocina"", ""valor"": 24, ""unidad"": ""°C""}",True,,14.178,True,True,True,True,True,True
Qwen2.5-0.5B-Instruct,12,Subí la cortina del patio al 100%.,"{""intent"": ""ajustar"", ""dispositivo"": ""cortina"", ""ubicacion"": ""patio"", ""valor"": 100, ""unidad"": ""%""}","```json {   ""intent"": ""ajustar"",   ""dispositivo"": ""cortina"",   ""ubicacion"": ""patio"",   ""valor"": 100,   ""unidad"": ""%"" } ```","{""intent"": ""ajustar"", ""dispositivo"": ""cortina"", ""ubicacion"": ""patio"", ""valor"": 100, ""unidad"": ""%""}",True,,14.08,True,True,True,True,True,True
Qwen2.5-0.5B-Instruct,13,Poné el volumen del parlante del living en 40%.,"{""intent"": ""ajustar"", ""dispositivo"": ""parlante"", ""ubicacion"": ""living"", ""valor"": 40, ""unidad"": ""%""}","```json {   ""intent"": ""ajustar"",   ""dispositivo"": ""parlante"",   ""ubicacion"": ""living"",   ""valor"": 40,   ""unidad"": ""%"" } ```","{""intent"": ""ajustar"", ""dispositivo"": ""parlante"", ""ubicacion"": ""living"", ""valor"": 40, ""unidad"": ""%""}",True,,14.027,True,True,True,True,True,True
Qwen2.5-0.5B-Instruct,14,Dejá la luz del baño al 10%.,"{""intent"": ""ajustar"", ""dispositivo"": ""luz"", ""ubicacion"": ""bano"", ""valor"": 10, ""unidad"": ""%""}","```json {   ""intent"": ""ajustar"",   ""dispositivo"": ""luz"",   ""ubicacion"": ""baño"",   ""valor"": 0.1,   ""unidad"": ""%"" } ```","{""intent"": ""ajustar"", ""dispositivo"": ""luz"", ""ubicacion"": ""baño"", ""valor"": 0.1, ""unidad"": ""%""}",True,,14.109,True,True,False,False,True,False
Qwen2.5-0.5B-Instruct,15,Poné el aire del living en 19 grados.,"{""intent"": ""ajustar"", ""dispositivo"": ""aire_acondicionado"", ""ubicacion"": ""living"", ""valor"": 19, ""unidad"": ""°C""}","```json {   ""intent"": ""ajustar"",   ""dispositivo"": ""aire_acondicionado"",   ""ubicacion"": ""living"",   ""valor"": 19,   ""unidad"": """" } ```","{""intent"": ""ajustar"", ""dispositivo"": ""aire_acondicionado"", ""ubicacion"": ""living"", ""valor"": 19, ""unidad"": """"}",True,,14.28,True,True,True,True,False,False
Qwen2.5-0.5B-Instruct,16,Bajale un poco a la luz del living.,"{""intent"": ""ajustar"", ""dispositivo"": ""luz"", ""ubicacion"": ""living"", ""valor"": null, ""unidad"": null}","```json {   ""intent"": ""apagar"",   ""dispositivo"": ""luz"",   ""ubicacion"": ""living"",   ""valor"": null,   ""unidad"": null } ```","{""intent"": ""apagar"", ""dispositivo"": ""luz"", ""ubicacion"": ""living"", ""valor"": null, ""unidad"": null}",True,,13.542,False,True,True,True,True,False
Qwen2.5-0.5B-Instruct,17,"Hace un poco más de calor en el dormitorio, subí la calefacción.","{""intent"": ""ajustar"", ""dispositivo"": ""calefaccion"", ""ubicacion"": ""dormitorio"", ""valor"": null, ""unidad"": null}","```json {   ""intent"": ""ajustar"",   ""dispositivo"": ""calefaccion"",   ""ubicacion"": ""dormitorio"",   ""valor"": 15,   ""unidad"": ""%"" } ```","{""intent"": ""ajustar"", ""dispositivo"": ""calefaccion"", ""ubicacion"": ""dormitorio"", ""valor"": 15, ""unidad"": ""%""}",True,,14.453,True,True,True,False,False,False
Qwen2.5-0.5B-Instruct,18,"Está muy fuerte el aire de la cocina, bajalo.","{""intent"": ""ajustar"", ""dispositivo"": ""aire_acondicionado"", ""ubicacion"": ""cocina"", ""valor"": null, ""unidad"": null}","```json {   ""intent"": ""ajustar"",   ""dispositivo"": ""aire_acondicionado"",   ""ubicacion"": ""cocina"",   ""valor"": 1,   ""unidad"": ""%"" } ```","{""intent"": ""ajustar"", ""dispositivo"": ""aire_acondicionado"", ""ubicacion"": ""cocina"", ""valor"": 1, ""unidad"": ""%""}",True,,14.541,True,True,True,False,False,False
Qwen2.5-0.5B-Instruct,19,Subí un poco el volumen del parlante del dormitorio.,"{""intent"": ""ajustar"", ""dispositivo"": ""parlante"", ""ubicacion"": ""dormitorio"", ""valor"": null, ""unidad"": null}","```json {   ""intent"": ""ajustar"",   ""dispositivo"": ""parlante"",   ""ubicacion"": ""dormitorio"",   ""valor"": 1,   ""unidad"": ""%"" } ```","{""intent"": ""ajustar"", ""dispositivo"": ""parlante"", ""ubicacion"": ""dormitorio"", ""valor"": 1, ""unidad"": ""%""}",True,,14.251,True,True,True,False,False,False
Qwen2.5-0.5B-Instruct,20,"La persiana del baño no cerró del todo, bajala un toque más.","{""intent"": ""ajustar"", ""dispositivo"": ""persiana"", ""ubicacion"": ""bano"", ""valor"": null, ""unidad"": null}","```json {   ""intent"": ""ajustar"",   ""dispositivo"": ""cerradura"",   ""ubicacion"": ""baño"",   ""valor"": null,   ""unidad"": null } ```","{""intent"": ""ajustar"", ""dispositivo"": ""cerradura"", ""ubicacion"": ""baño"", ""valor"": null, ""unidad"": null}",True,,14.929,True,False,False,True,True,False
Qwen2.5-0.5B-Instruct,21,Subile más luz al living que está muy oscuro.,"{""intent"": ""ajustar"", ""dispositivo"": ""luz"", ""ubicacion"": ""living"", ""valor"": null, ""unidad"": null}","```json {   ""intent"": ""ajustar"",   ""dispositivo"": ""luz"",   ""ubicacion"": ""living"",   ""valor"": 1,   ""unidad"": ""%"" } ```","{""intent"": ""ajustar"", ""dispositivo"": ""luz"", ""ubicacion"": ""living"", ""valor"": 1, ""unidad"": ""%""}",True,,13.516,True,True,True,False,False,False
Qwen2.5-0.5B-Instruct,22,Apagá todas las luces de la casa.,"{""intent"": ""apagar"", ""dispositivo"": ""luz"", ""ubicacion"": ""todas"", ""valor"": null, ""unidad"": null}","```json {   ""intent"": ""apagar"",   ""dispositivo"": ""all_luz"",   ""ubicacion"": ""casa"",   ""valor"": null,   ""unidad"": null } ```","{""intent"": ""apagar"", ""dispositivo"": ""all_luz"", ""ubicacion"": ""casa"", ""valor"": null, ""unidad"": null}",True,,13.992,True,False,False,True,True,False
Qwen2.5-0.5B-Instruct,23,Prendé todos los aires acondicionados.,"{""intent"": ""encender"", ""dispositivo"": ""aire_acondicionado"", ""ubicacion"": ""todas"", ""valor"": null, ""unidad"": null}","```json {   ""intent"": ""encender"",   ""dispositivo"": ""aire_acondicionado"",   ""ubicacion"": ""todas"",   ""valor"": null,   ""unidad"": null } ```","{""intent"": ""encender"", ""dispositivo"": ""aire_acondicionado"", ""ubicacion"": ""todas"", ""valor"": null, ""unidad"": null}",True,,13.81,True,True,True,True,True,True
Qwen2.5-0.5B-Instruct,24,Bajá todas las persianas de la casa.,"{""intent"": ""ajustar"", ""dispositivo"": ""persiana"", ""ubicacion"": ""todas"", ""valor"": 0, ""unidad"": ""%""}","```json {   ""intent"": ""apagar"",   ""dispositivo"": ""permanecimiento"",   ""ubicacion"": ""all"",   ""valor"": null,   ""unidad"": null } ```","{""intent"": ""apagar"", ""dispositivo"": ""permanecimiento"", ""ubicacion"": ""all"", ""valor"": null, ""unidad"": null}",True,,13.652,False,False,False,False,False,False
Qwen2.5-0.5B-Instruct,25,Apagá todo antes de dormir.,"{""intent"": ""apagar"", ""dispositivo"": ""todos"", ""ubicacion"": ""todas"", ""valor"": null, ""unidad"": null}","```json {   ""intent"": ""apagar"",   ""dispositivo"": ""cerradura"",   ""ubicacion"": ""todas"",   ""valor"": null,   ""unidad"": null } ```","{""intent"": ""apagar"", ""dispositivo"": ""cerradura"", ""ubicacion"": ""todas"", ""valor"": null, ""unidad"": null}",True,,13.629,True,False,True,True,True,False
Qwen2.5-0.5B-Instruct,26,¿Está prendida la luz del living?,"{""intent"": ""consultar"", ""dispositivo"": ""luz"", ""ubicacion"": ""living"", ""valor"": null, ""unidad"": null}","```json {   ""intent"": ""encender"",   ""dispositivo"": ""luz"",   ""ubicacion"": ""living"",   ""valor"": null,   ""unidad"": null } ```","{""intent"": ""encender"", ""dispositivo"": ""luz"", ""ubicacion"": ""living"", ""valor"": null, ""unidad"": null}",True,,16.228,False,True,True,True,True,False
Qwen2.5-0.5B-Instruct,27,¿A cuántos grados está el aire del dormitorio?,"{""intent"": ""consultar"", ""dispositivo"": ""aire_acondicionado"", ""ubicacion"": ""dormitorio"", ""valor"": null, ""unidad"": null}","```json {   ""intent"": ""ajustar"",   ""dispositivo"": ""aire_acondicionado"",   ""ubicacion"": ""dormitorio"",   ""valor"": 15,   ""unidad"": ""%"" } ```","{""intent"": ""ajustar"", ""dispositivo"": ""aire_acondicionado"", ""ubicacion"": ""dormitorio"", ""valor"": 15, ""unidad"": ""%""}",True,,14.639,False,True,True,False,False,False
Qwen2.5-0.5B-Instruct,28,¿Quedó cerrada la cerradura de la entrada?,"{""intent"": ""consultar"", ""dispositivo"": ""cerradura"", ""ubicacion"": ""entrada"", ""valor"": null, ""unidad"": null}","```json {   ""intent"": ""consultar"",   ""dispositivo"": ""cerradura"",   ""ubicacion"": ""entrada"",   ""valor"": null,   ""unidad"": null } ```","{""intent"": ""consultar"", ""dispositivo"": ""cerradura"", ""ubicacion"": ""entrada"", ""valor"": null, ""unidad"": null}",True,,13.7,True,True,True,True,True,True
Qwen2.5-0.5B-Instruct,29,"No dejes prendida la luz de la cocina, apagala.","{""intent"": ""apagar"", ""dispositivo"": ""luz"", ""ubicacion"": ""cocina"", ""valor"": null, ""unidad"": null}","```json {   ""intent"": ""apagar"",   ""dispositivo"": ""luz"",   ""ubicacion"": ""cocina"",   ""valor"": null,   ""unidad"": null } ```","{""intent"": ""apagar"", ""dispositivo"": ""luz"", ""ubicacion"": ""cocina"", ""valor"": null, ""unidad"": null}",True,,13.807,True,True,True,True,True,True
Qwen2.5-0.5B-Instruct,30,"Che, la tele del living quedó prendida, apagala por favor.","{""intent"": ""apagar"", ""dispositivo"": ""tv"", ""ubicacion"": ""living"", ""valor"": null, ""unidad"": null}","```json {   ""intent"": ""apagar"",   ""dispositivo"": ""tele"",   ""ubicacion"": ""living"",   ""valor"": null,   ""unidad"": null } ```","{""intent"": ""apagar"", ""dispositivo"": ""tele"", ""ubicacion"": ""living"", ""valor"": null, ""unidad"": null}",True,,13.257,True,False,True,True,True,False
Qwen2.5-0.5B-Instruct,31,"Antes me olvidé, prendé la luz del baño.","{""intent"": ""encender"", ""dispositivo"": ""luz"", ""ubicacion"": ""bano"", ""valor"": null, ""unidad"": null}","```json {   ""intent"": ""encender"",   ""dispositivo"": ""luz"",   ""ubicacion"": ""baño"",   ""valor"": null,   ""unidad"": null } ```","{""intent"": ""encender"", ""dispositivo"": ""luz"", ""ubicacion"": ""baño"", ""valor"": null, ""unidad"": null}",True,,13.512,True,True,False,True,True,False
Qwen2.5-1.5B-Instruct,0,Prendé la luz del living.,"{""intent"": ""encender"", ""dispositivo"": ""luz"", ""ubicacion"": ""living"", ""valor"": null, ""unidad"": null}","{""intent"": ""encender"", ""dispositivo"": ""luz"", ""ubicacion"": ""living"", ""valor"": null, ""unidad"": null}","{""intent"": ""encender"", ""dispositivo"": ""luz"", ""ubicacion"": ""living"", ""valor"": null, ""unidad"": null}",True,,147.816,True,True,True,True,True,True
Qwen2.5-1.5B-Instruct,1,Apagá la luz de la cocina.,"{""intent"": ""apagar"", ""dispositivo"": ""luz"", ""ubicacion"": ""cocina"", ""valor"": null, ""unidad"": null}","{""intent"": ""apagar"", ""dispositivo"": ""luz"", ""ubicacion"": ""cocina"", ""valor"": null, ""unidad"": null}","{""intent"": ""apagar"", ""dispositivo"": ""luz"", ""ubicacion"": ""cocina"", ""valor"": null, ""unidad"": null}",True,,37.951,True,True,True,True,True,True
Qwen2.5-1.5B-Instruct,2,Encendé el aire acondicionado del dormitorio.,"{""intent"": ""encender"", ""dispositivo"": ""aire_acondicionado"", ""ubicacion"": ""dormitorio"", ""valor"": null, ""unidad"": null}","{""intent"": ""encender"", ""dispositivo"": ""aire_acondicionado"", ""ubicacion"": ""dormitorio"", ""valor"": null, ""unidad"": null}","{""intent"": ""encender"", ""dispositivo"": ""aire_acondicionado"", ""ubicacion"": ""dormitorio"", ""valor"": null, ""unidad"": null}",True,,40.587,True,True,True,True,True,True
Qwen2.5-1.5B-Instruct,3,Apagá la tele del living.,"{""intent"": ""apagar"", ""dispositivo"": ""tv"", ""ubicacion"": ""living"", ""valor"": null, ""unidad"": null}","{""intent"": ""apagar"", ""dispositivo"": ""televisor"", ""ubicacion"": ""living"", ""valor"": null, ""unidad"": null}","{""intent"": ""apagar"", ""dispositivo"": ""televisor"", ""ubicacion"": ""living"", ""valor"": null, ""unidad"": null}",True,,36.97,True,False,True,True,True,False
Qwen2.5-1.5B-Instruct,4,Prendé el ventilador del garage.,"{""intent"": ""encender"", ""dispositivo"": ""ventilador"", ""ubicacion"": ""garage"", ""valor"": null, ""unidad"": null}","{""intent"": ""encender"", ""dispositivo"": ""ventilador"", ""ubicacion"": ""garage"", ""valor"": null, ""unidad"": null}","{""intent"": ""encender"", ""dispositivo"": ""ventilador"", ""ubicacion"": ""garage"", ""valor"": null, ""unidad"": null}",True,,38.31,True,True,True,True,True,True
Qwen2.5-1.5B-Instruct,5,Apagá la calefacción del baño.,"{""intent"": ""apagar"", ""dispositivo"": ""calefaccion"", ""ubicacion"": ""bano"", ""valor"": null, ""unidad"": null}","{""intent"": ""apagar"", ""dispositivo"": ""calefaccion"", ""ubicacion"": ""baño"", ""valor"": null, ""unidad"": null}","{""intent"": ""apagar"", ""dispositivo"": ""calefaccion"", ""ubicacion"": ""baño"", ""valor"": null, ""unidad"": null}",True,,37.769,True,True,False,True,True,False
Qwen2.5-1.5B-Instruct,6,Encendé el parlante de la cocina.,"{""intent"": ""encender"", ""dispositivo"": ""parlante"", ""ubicacion"": ""cocina"", ""valor"": null, ""unidad"": null}","{""intent"": ""encender"", ""dispositivo"": ""parlante"", ""ubicacion"": ""cocina"", ""valor"": null, ""unidad"": null}","{""intent"": ""encender"", ""dispositivo"": ""parlante"", ""ubicacion"": ""cocina"", ""valor"": null, ""unidad"": null}",True,,38.453,True,True,True,True,True,True
Qwen2.5-1.5B-Instruct,7,Cerrá la cerradura de la entrada.,"{""intent"": ""apagar"", ""dispositivo"": ""cerradura"", ""ubicacion"": ""entrada"", ""valor"": null, ""unidad"": null}","{""intent"": ""ajustar"", ""dispositivo"": ""cerradura"", ""ubicacion"": ""entrada"", ""valor"": null, ""unidad"": null}","{""intent"": ""ajustar"", ""dispositivo"": ""cerradura"", ""ubicacion"": ""entrada"", ""valor"": null, ""unidad"": null}",True,,41.128,False,True,True,True,True,False
Qwen2.5-1.5B-Instruct,8,Poné el aire del dormitorio en 22 grados.,"{""intent"": ""ajustar"", ""dispositivo"": ""aire_acondicionado"", ""ubicacion"": ""dormitorio"", ""valor"": 22, ""unidad"": ""°C""}","{""intent"": ""ajustar"", ""dispositivo"": ""aire_acondicionado"", ""ubicacion"": ""dormitorio"", ""valor"": 22, ""unidad"": ""°C""}","{""intent"": ""ajustar"", ""dispositivo"": ""aire_acondicionado"", ""ubicacion"": ""dormitorio"", ""valor"": 22, ""unidad"": ""°C""}",True,,43.04,True,True,True,True,True,True
Qwen2.5-1.5B-Instruct,9,Bajá la persiana del living al 50%.,"{""intent"": ""ajustar"", ""dispositivo"": ""persiana"", ""ubicacion"": ""living"", ""valor"": 50, ""unidad"": ""%""}","{""intent"": ""ajustar"", ""dispositivo"": ""persiana"", ""ubicacion"": ""living"", ""valor"": 50, ""unidad"": ""%""}","{""intent"": ""ajustar"", ""dispositivo"": ""persiana"", ""ubicacion"": ""living"", ""valor"": 50, ""unidad"": ""%""}",True,,42.306,True,True,True,True,True,True
Qwen2.5-1.5B-Instruct,10,Poné la luz del dormitorio al 30% de brillo.,"{""intent"": ""ajustar"", ""dispositivo"": ""luz"", ""ubicacion"": ""dormitorio"", ""valor"": 30, ""unidad"": ""%""}","{""intent"": ""ajustar"", ""dispositivo"": ""luz"", ""ubicacion"": ""dormitorio"", ""valor"": 30, ""unidad"": ""%""}","{""intent"": ""ajustar"", ""dispositivo"": ""luz"", ""ubicacion"": ""dormitorio"", ""valor"": 30, ""unidad"": ""%""}",True,,44.032,True,True,True,True,True,True
Qwen2.5-1.5B-Instruct,11,Configurá la calefacción de la cocina a 24 grados.,"{""intent"": ""ajustar"", ""dispositivo"": ""calefaccion"", ""ubicacion"": ""cocina"", ""valor"": 24, ""unidad"": ""°C""}","{""intent"": ""ajustar"", ""dispositivo"": ""calefaccion"", ""ubicacion"": ""cocina"", ""valor"": 24, ""unidad"": ""°C""}","{""intent"": ""ajustar"", ""dispositivo"": ""calefaccion"", ""ubicacion"": ""cocina"", ""valor"": 24, ""unidad"": ""°C""}",True,,47.445,True,True,True,True,True,True
Qwen2.5-1.5B-Instruct,12,Subí la cortina del patio al 100%.,"{""intent"": ""ajustar"", ""dispositivo"": ""cortina"", ""ubicacion"": ""patio"", ""valor"": 100, ""unidad"": ""%""}","{""intent"": ""ajustar"", ""dispositivo"": ""cerradura"", ""ubicacion"": ""patio"", ""valor"": 100, ""unidad"": ""%""}","{""intent"": ""ajustar"", ""dispositivo"": ""cerradura"", ""ubicacion"": ""patio"", ""valor"": 100, ""unidad"": ""%""}",True,,40.14,True,False,True,True,True,False
Qwen2.5-1.5B-Instruct,13,Poné el volumen del parlante del living en 40%.,"{""intent"": ""ajustar"", ""dispositivo"": ""parlante"", ""ubicacion"": ""living"", ""valor"": 40, ""unidad"": ""%""}","{""intent"": ""ajustar"", ""dispositivo"": ""parlante"", ""ubicacion"": ""living"", ""valor"": 40, ""unidad"": ""%""}","{""intent"": ""ajustar"", ""dispositivo"": ""parlante"", ""ubicacion"": ""living"", ""valor"": 40, ""unidad"": ""%""}",True,,40.231,True,True,True,True,True,True
Qwen2.5-1.5B-Instruct,14,Dejá la luz del baño al 10%.,"{""intent"": ""ajustar"", ""dispositivo"": ""luz"", ""ubicacion"": ""bano"", ""valor"": 10, ""unidad"": ""%""}","{""intent"": ""ajustar"", ""dispositivo"": ""luz"", ""ubicacion"": ""bano"", ""valor"": 10, ""unidad"": ""%""}","{""intent"": ""ajustar"", ""dispositivo"": ""luz"", ""ubicacion"": ""bano"", ""valor"": 10, ""unidad"": ""%""}",True,,37.67,True,True,True,True,True,True
Qwen2.5-1.5B-Instruct,15,Poné el aire del living en 19 grados.,"{""intent"": ""ajustar"", ""dispositivo"": ""aire_acondicionado"", ""ubicacion"": ""living"", ""valor"": 19, ""unidad"": ""°C""}","{""intent"": ""ajustar"", ""dispositivo"": ""aire_acondicionado"", ""ubicacion"": ""living"", ""valor"": 19, ""unidad"": ""°C""}","{""intent"": ""ajustar"", ""dispositivo"": ""aire_acondicionado"", ""ubicacion"": ""living"", ""valor"": 19, ""unidad"": ""°C""}",True,,39.149,True,True,True,True,True,True
Qwen2.5-1.5B-Instruct,16,Bajale un poco a la luz del living.,"{""intent"": ""ajustar"", ""dispositivo"": ""luz"", ""ubicacion"": ""living"", ""valor"": null, ""unidad"": null}","{""intent"": ""ajustar"", ""dispositivo"": ""luz"", ""ubicacion"": ""living"", ""valor"": null, ""unidad"": null}","{""intent"": ""ajustar"", ""dispositivo"": ""luz"", ""ubicacion"": ""living"", ""valor"": null, ""unidad"": null}",True,,37.189,True,True,True,True,True,True
Qwen2.5-1.5B-Instruct,17,"Hace un poco más de calor en el dormitorio, subí la calefacción.","{""intent"": ""ajustar"", ""dispositivo"": ""calefaccion"", ""ubicacion"": ""dormitorio"", ""valor"": null, ""unidad"": null}","{""intent"": ""ajustar"", ""dispositivo"": ""calefaccion"", ""ubicacion"": ""dormitorio"", ""valor"": null, ""unidad"": ""°C""}","{""intent"": ""ajustar"", ""dispositivo"": ""calefaccion"", ""ubicacion"": ""dormitorio"", ""valor"": null, ""unidad"": ""°C""}",True,,38.944,True,True,True,True,False,False
Qwen2.5-1.5B-Instruct,18,"Está muy fuerte el aire de la cocina, bajalo.","{""intent"": ""ajustar"", ""dispositivo"": ""aire_acondicionado"", ""ubicacion"": ""cocina"", ""valor"": null, ""unidad"": null}","{""intent"": ""ajustar"", ""dispositivo"": ""aire_acondicionado"", ""ubicacion"": ""cocina"", ""valor"": null, ""unidad"": ""%""}","{""intent"": ""ajustar"", ""dispositivo"": ""aire_acondicionado"", ""ubicacion"": ""cocina"", ""valor"": null, ""unidad"": ""%""}",True,,37.739,True,True,True,True,False,False
Qwen2.5-1.5B-Instruct,19,Subí un poco el volumen del parlante del dormitorio.,"{""intent"": ""ajustar"", ""dispositivo"": ""parlante"", ""ubicacion"": ""dormitorio"", ""valor"": null, ""unidad"": null}","{""intent"": ""ajustar"", ""dispositivo"": ""parlante"", ""ubicacion"": ""dormitorio"", ""valor"": null, ""unidad"": ""%""}","{""intent"": ""ajustar"", ""dispositivo"": ""parlante"", ""ubicacion"": ""dormitorio"", ""valor"": null, ""unidad"": ""%""}",True,,38.185,True,True,True,True,False,False
Qwen2.5-1.5B-Instruct,20,"La persiana del baño no cerró del todo, bajala un toque más.","{""intent"": ""ajustar"", ""dispositivo"": ""persiana"", ""ubicacion"": ""bano"", ""valor"": null, ""unidad"": null}","{""intent"": ""ajustar"", ""dispositivo"": ""persiana"", ""ubicacion"": ""baño"", ""valor"": -1, ""unidad"": ""%""}","{""intent"": ""ajustar"", ""dispositivo"": ""persiana"", ""ubicacion"": ""baño"", ""valor"": -1, ""unidad"": ""%""}",True,,38.334,True,True,False,False,False,False
Qwen2.5-1.5B-Instruct,21,Subile más luz al living que está muy oscuro.,"{""intent"": ""ajustar"", ""dispositivo"": ""luz"", ""ubicacion"": ""living"", ""valor"": null, ""unidad"": null}","{""intent"": ""ajustar"", ""dispositivo"": ""luz"", ""ubicacion"": ""living"", ""valor"": null, ""unidad"": ""%""}","{""intent"": ""ajustar"", ""dispositivo"": ""luz"", ""ubicacion"": ""living"", ""valor"": null, ""unidad"": ""%""}",True,,37.43,True,True,True,True,False,False
Qwen2.5-1.5B-Instruct,22,Apagá todas las luces de la casa.,"{""intent"": ""apagar"", ""dispositivo"": ""luz"", ""ubicacion"": ""todas"", ""valor"": null, ""unidad"": null}","{""intent"": ""apagar"", ""dispositivo"": ""todos"", ""ubicacion"": ""todas"", ""valor"": null, ""unidad"": null}","{""intent"": ""apagar"", ""dispositivo"": ""todos"", ""ubicacion"": ""todas"", ""valor"": null, ""unidad"": null}",True,,37.259,True,False,True,True,True,False
Qwen2.5-1.5B-Instruct,23,Prendé todos los aires acondicionados.,"{""intent"": ""encender"", ""dispositivo"": ""aire_acondicionado"", ""ubicacion"": ""todas"", ""valor"": null, ""unidad"": null}","{""intent"": ""ajustar"", ""dispositivo"": ""aire_acondicionado"", ""ubicacion"": ""todas"", ""valor"": null, ""unidad"": null}","{""intent"": ""ajustar"", ""dispositivo"": ""aire_acondicionado"", ""ubicacion"": ""todas"", ""valor"": null, ""unidad"": null}",True,,39.205,False,True,True,True,True,False
Qwen2.5-1.5B-Instruct,24,Bajá todas las persianas de la casa.,"{""intent"": ""ajustar"", ""dispositivo"": ""persiana"", ""ubicacion"": ""todas"", ""valor"": 0, ""unidad"": ""%""}","{""intent"": ""ajustar"", ""dispositivo"": ""persiana"", ""ubicacion"": ""todas"", ""valor"": null, ""unidad"": null}","{""intent"": ""ajustar"", ""dispositivo"": ""persiana"", ""ubicacion"": ""todas"", ""valor"": null, ""unidad"": null}",True,,38.791,True,True,True,False,False,False
Qwen2.5-1.5B-Instruct,25,Apagá todo antes de dormir.,"{""intent"": ""apagar"", ""dispositivo"": ""todos"", ""ubicacion"": ""todas"", ""valor"": null, ""unidad"": null}","{""intent"": ""apagar"", ""dispositivo"": ""todos"", ""ubicacion"": ""todas"", ""valor"": null, ""unidad"": null}","{""intent"": ""apagar"", ""dispositivo"": ""todos"", ""ubicacion"": ""todas"", ""valor"": null, ""unidad"": null}",True,,40.06,True,True,True,True,True,True
Qwen2.5-1.5B-Instruct,26,¿Está prendida la luz del living?,"{""intent"": ""consultar"", ""dispositivo"": ""luz"", ""ubicacion"": ""living"", ""valor"": null, ""unidad"": null}","{""intent"": ""consultar"", ""dispositivo"": ""luz"", ""ubicacion"": ""living"", ""valor"": true, ""unidad"": null}","{""intent"": ""consultar"", ""dispositivo"": ""luz"", ""ubicacion"": ""living"", ""valor"": true, ""unidad"": null}",True,,42.527,True,True,True,False,True,False
Qwen2.5-1.5B-Instruct,27,¿A cuántos grados está el aire del dormitorio?,"{""intent"": ""consultar"", ""dispositivo"": ""aire_acondicionado"", ""ubicacion"": ""dormitorio"", ""valor"": null, ""unidad"": null}","{""intent"": ""consultar"", ""dispositivo"": ""aire_acondicionado"", ""ubicacion"": ""dormitorio"", ""valor"": null, ""unidad"": ""°C""}","{""intent"": ""consultar"", ""dispositivo"": ""aire_acondicionado"", ""ubicacion"": ""dormitorio"", ""valor"": null, ""unidad"": ""°C""}",True,,39.848,True,True,True,True,False,False
Qwen2.5-1.5B-Instruct,28,¿Quedó cerrada la cerradura de la entrada?,"{""intent"": ""consultar"", ""dispositivo"": ""cerradura"", ""ubicacion"": ""entrada"", ""valor"": null, ""unidad"": null}","{""intent"": ""consultar"", ""dispositivo"": ""cerradura"", ""ubicacion"": ""entrada"", ""valor"": null, ""unidad"": null}","{""intent"": ""consultar"", ""dispositivo"": ""cerradura"", ""ubicacion"": ""entrada"", ""valor"": null, ""unidad"": null}",True,,37.325,True,True,True,True,True,True
Qwen2.5-1.5B-Instruct,29,"No dejes prendida la luz de la cocina, apagala.","{""intent"": ""apagar"", ""dispositivo"": ""luz"", ""ubicacion"": ""cocina"", ""valor"": null, ""unidad"": null}","{""intent"": ""apagar"", ""dispositivo"": ""luz"", ""ubicacion"": ""cocina"", ""valor"": null, ""unidad"": null}","{""intent"": ""apagar"", ""dispositivo"": ""luz"", ""ubicacion"": ""cocina"", ""valor"": null, ""unidad"": null}",True,,45.863,True,True,True,True,True,True
Qwen2.5-1.5B-Instruct,30,"Che, la tele del living quedó prendida, apagala por favor.","{""intent"": ""apagar"", ""dispositivo"": ""tv"", ""ubicacion"": ""living"", ""valor"": null, ""unidad"": null}","{""intent"": ""apagar"", ""dispositivo"": ""televisor"", ""ubicacion"": ""living"", ""valor"": null, ""unidad"": null}","{""intent"": ""apagar"", ""dispositivo"": ""televisor"", ""ubicacion"": ""living"", ""valor"": null, ""unidad"": null}",True,,40.078,True,False,True,True,True,False
Qwen2.5-1.5B-Instruct,31,"Antes me olvidé, prendé la luz del baño.","{""intent"": ""encender"", ""dispositivo"": ""luz"", ""ubicacion"": ""bano"", ""valor"": null, ""unidad"": null}","{""intent"": ""encender"", ""dispositivo"": ""luz"", ""ubicacion"": ""baño"", ""valor"": null, ""unidad"": null}","{""intent"": ""encender"", ""dispositivo"": ""luz"", ""ubicacion"": ""baño"", ""valor"": null, ""unidad"": null}",True,,39.306,True,True,False,True,True,False
SmolLM2-1.7B-Instruct,0,Prendé la luz del living.,"{""intent"": ""encender"", ""dispositivo"": ""luz"", ""ubicacion"": ""living"", ""valor"": null, ""unidad"": null}","{""intent"": ""encender"", ""dispositivo"": ""luz"", ""ubicacion"": ""living"", ""valor"": null, ""unidad"": null}","{""intent"": ""encender"", ""dispositivo"": ""luz"", ""ubicacion"": ""living"", ""valor"": null, ""unidad"": null}",True,,153.575,True,True,True,True,True,True
SmolLM2-1.7B-Instruct,1,Apagá la luz de la cocina.,"{""intent"": ""apagar"", ""dispositivo"": ""luz"", ""ubicacion"": ""cocina"", ""valor"": null, ""unidad"": null}","{""intent"": ""apagar"", ""dispositivo"": ""luz"", ""ubicacion"": ""cocina"", ""valor"": null, ""unidad"": null}","{""intent"": ""apagar"", ""dispositivo"": ""luz"", ""ubicacion"": ""cocina"", ""valor"": null, ""unidad"": null}",True,,59.301,True,True,True,True,True,True
SmolLM2-1.7B-Instruct,2,Encendé el aire acondicionado del dormitorio.,"{""intent"": ""encender"", ""dispositivo"": ""aire_acondicionado"", ""ubicacion"": ""dormitorio"", ""valor"": null, ""unidad"": null}","{""intent"": ""encender"", ""dispositivo"": ""aire_acondicionador"", ""ubicacion"": ""dormitorio"", ""valor"": null, ""unidad"": null}","{""intent"": ""encender"", ""dispositivo"": ""aire_acondicionador"", ""ubicacion"": ""dormitorio"", ""valor"": null, ""unidad"": null}",True,,61.31,True,False,True,True,True,False
SmolLM2-1.7B-Instruct,3,Apagá la tele del living.,"{""intent"": ""apagar"", ""dispositivo"": ""tv"", ""ubicacion"": ""living"", ""valor"": null, ""unidad"": null}","{""intent"": ""apagar"", ""dispositivo"": ""tv"", ""ubicacion"": ""living"", ""valor"": null, ""unidad"": null}","{""intent"": ""apagar"", ""dispositivo"": ""tv"", ""ubicacion"": ""living"", ""valor"": null, ""unidad"": null}",True,,55.756,True,True,True,True,True,True
SmolLM2-1.7B-Instruct,4,Prendé el ventilador del garage.,"{""intent"": ""encender"", ""dispositivo"": ""ventilador"", ""ubicacion"": ""garage"", ""valor"": null, ""unidad"": null}","{""intent"": ""encender"", ""dispositivo"": ""ventilador"", ""ubicacion"": ""garage"", ""valor"": null, ""unidad"": null}","{""intent"": ""encender"", ""dispositivo"": ""ventilador"", ""ubicacion"": ""garage"", ""valor"": null, ""unidad"": null}",True,,57.356,True,True,True,True,True,True
SmolLM2-1.7B-Instruct,5,Apagá la calefacción del baño.,"{""intent"": ""apagar"", ""dispositivo"": ""calefaccion"", ""ubicacion"": ""bano"", ""valor"": null, ""unidad"": null}","{""intent"": ""apagar"", ""dispositivo"": ""calefaccion"", ""ubicacion"": ""bano"", ""valor"": null, ""unidad"": null}","{""intent"": ""apagar"", ""dispositivo"": ""calefaccion"", ""ubicacion"": ""bano"", ""valor"": null, ""unidad"": null}",True,,58.064,True,True,True,True,True,True
SmolLM2-1.7B-Instruct,6,Encendé el parlante de la cocina.,"{""intent"": ""encender"", ""dispositivo"": ""parlante"", ""ubicacion"": ""cocina"", ""valor"": null, ""unidad"": null}","{""intent"": ""encender"", ""dispositivo"": ""parlante"", ""ubicacion"": ""cocina"", ""valor"": null, ""unidad"": null}","{""intent"": ""encender"", ""dispositivo"": ""parlante"", ""ubicacion"": ""cocina"", ""valor"": null, ""unidad"": null}",True,,58.989,True,True,True,True,True,True
SmolLM2-1.7B-Instruct,7,Cerrá la cerradura de la entrada.,"{""intent"": ""apagar"", ""dispositivo"": ""cerradura"", ""ubicacion"": ""entrada"", ""valor"": null, ""unidad"": null}","{""intent"": ""ajustar"", ""dispositivo"": ""cerradura"", ""ubicacion"": ""entrada"", ""valor"": null, ""unidad"": null}","{""intent"": ""ajustar"", ""dispositivo"": ""cerradura"", ""ubicacion"": ""entrada"", ""valor"": null, ""unidad"": null}",True,,57.269,False,True,True,True,True,False
SmolLM2-1.7B-Instruct,8,Poné el aire del dormitorio en 22 grados.,"{""intent"": ""ajustar"", ""dispositivo"": ""aire_acondicionado"", ""ubicacion"": ""dormitorio"", ""valor"": 22, ""unidad"": ""°C""}","{""intent"": ""ajustar"", ""dispositivo"": ""aire_acondicionador"", ""ubicacion"": ""dormitorio"", ""valor"": 22, ""unidad"": ""°C""}","{""intent"": ""ajustar"", ""dispositivo"": ""aire_acondicionador"", ""ubicacion"": ""dormitorio"", ""valor"": 22, ""unidad"": ""°C""}",True,,73.714,True,False,True,True,True,False
SmolLM2-1.7B-Instruct,9,Bajá la persiana del living al 50%.,"{""intent"": ""ajustar"", ""dispositivo"": ""persiana"", ""ubicacion"": ""living"", ""valor"": 50, ""unidad"": ""%""}","{""intent"": ""ajustar"", ""dispositivo"": ""persiana"", ""ubicacion"": ""living"", ""valor"": 50, ""unidad"": ""%""}","{""intent"": ""ajustar"", ""dispositivo"": ""persiana"", ""ubicacion"": ""living"", ""valor"": 50, ""unidad"": ""%""}",True,,58.158,True,True,True,True,True,True
SmolLM2-1.7B-Instruct,10,Poné la luz del dormitorio al 30% de brillo.,"{""intent"": ""ajustar"", ""dispositivo"": ""luz"", ""ubicacion"": ""dormitorio"", ""valor"": 30, ""unidad"": ""%""}","{""intent"": ""ajustar"", ""dispositivo"": ""luz"", ""ubicacion"": ""dormitorio"", ""valor"": 30, ""unidad"": ""%""}","{""intent"": ""ajustar"", ""dispositivo"": ""luz"", ""ubicacion"": ""dormitorio"", ""valor"": 30, ""unidad"": ""%""}",True,,59.737,True,True,True,True,True,True
SmolLM2-1.7B-Instruct,11,Configurá la calefacción de la cocina a 24 grados.,"{""intent"": ""ajustar"", ""dispositivo"": ""calefaccion"", ""ubicacion"": ""cocina"", ""valor"": 24, ""unidad"": ""°C""}","{""intent"": ""ajustar"", ""dispositivo"": ""calefaccion"", ""ubicacion"": ""cocina"", ""valor"": 24, ""unidad"": ""°C""}","{""intent"": ""ajustar"", ""dispositivo"": ""calefaccion"", ""ubicacion"": ""cocina"", ""valor"": 24, ""unidad"": ""°C""}",True,,62.009,True,True,True,True,True,True
SmolLM2-1.7B-Instruct,12,Subí la cortina del patio al 100%.,"{""intent"": ""ajustar"", ""dispositivo"": ""cortina"", ""ubicacion"": ""patio"", ""valor"": 100, ""unidad"": ""%""}","{""intent"": ""ajustar"", ""dispositivo"": ""cortina"", ""ubicacion"": ""patio"", ""valor"": 100, ""unidad"": ""%""}","{""intent"": ""ajustar"", ""dispositivo"": ""cortina"", ""ubicacion"": ""patio"", ""valor"": 100, ""unidad"": ""%""}",True,,58.025,True,True,True,True,True,True
SmolLM2-1.7B-Instruct,13,Poné el volumen del parlante del living en 40%.,"{""intent"": ""ajustar"", ""dispositivo"": ""parlante"", ""ubicacion"": ""living"", ""valor"": 40, ""unidad"": ""%""}","{""intent"": ""ajustar"", ""dispositivo"": ""parlante"", ""ubicacion"": ""living"", ""valor"": 40, ""unidad"": ""%""}","{""intent"": ""ajustar"", ""dispositivo"": ""parlante"", ""ubicacion"": ""living"", ""valor"": 40, ""unidad"": ""%""}",True,,59.262,True,True,True,True,True,True
SmolLM2-1.7B-Instruct,14,Dejá la luz del baño al 10%.,"{""intent"": ""ajustar"", ""dispositivo"": ""luz"", ""ubicacion"": ""bano"", ""valor"": 10, ""unidad"": ""%""}","{""intent"": ""ajustar"", ""dispositivo"": ""luz"", ""ubicacion"": ""bano"", ""valor"": 10, ""unidad"": ""%""}","{""intent"": ""ajustar"", ""dispositivo"": ""luz"", ""ubicacion"": ""bano"", ""valor"": 10, ""unidad"": ""%""}",True,,57.962,True,True,True,True,True,True
SmolLM2-1.7B-Instruct,15,Poné el aire del living en 19 grados.,"{""intent"": ""ajustar"", ""dispositivo"": ""aire_acondicionado"", ""ubicacion"": ""living"", ""valor"": 19, ""unidad"": ""°C""}","{""intent"": ""ajustar"", ""dispositivo"": ""aire_acondicionado"", ""ubicacion"": ""living"", ""valor"": 19, ""unidad"": ""°C""}","{""intent"": ""ajustar"", ""dispositivo"": ""aire_acondicionado"", ""ubicacion"": ""living"", ""valor"": 19, ""unidad"": ""°C""}",True,,58.645,True,True,True,True,True,True
SmolLM2-1.7B-Instruct,16,Bajale un poco a la luz del living.,"{""intent"": ""ajustar"", ""dispositivo"": ""luz"", ""ubicacion"": ""living"", ""valor"": null, ""unidad"": null}","{""intent"": ""ajustar"", ""dispositivo"": ""luz"", ""ubicacion"": ""living"", ""valor"": -10, ""unidad"": ""°C""}","{""intent"": ""ajustar"", ""dispositivo"": ""luz"", ""ubicacion"": ""living"", ""valor"": -10, ""unidad"": ""°C""}",True,,57.948,True,True,True,False,False,False
SmolLM2-1.7B-Instruct,17,"Hace un poco más de calor en el dormitorio, subí la calefacción.","{""intent"": ""ajustar"", ""dispositivo"": ""calefaccion"", ""ubicacion"": ""dormitorio"", ""valor"": null, ""unidad"": null}","{""intent"": ""ajustar"", ""dispositivo"": ""calefaccion"", ""ubicacion"": ""dormitorio"", ""valor"": 2, ""unidad"": ""°C""}","{""intent"": ""ajustar"", ""dispositivo"": ""calefaccion"", ""ubicacion"": ""dormitorio"", ""valor"": 2, ""unidad"": ""°C""}",True,,60.579,True,True,True,False,False,False
SmolLM2-1.7B-Instruct,18,"Está muy fuerte el aire de la cocina, bajalo.","{""intent"": ""ajustar"", ""dispositivo"": ""aire_acondicionado"", ""ubicacion"": ""cocina"", ""valor"": null, ""unidad"": null}","{""intent"": ""ajustar"", ""dispositivo"": ""aire_acondicionador"", ""ubicacion"": ""cocina"", ""valor"": 80, ""unidad"": ""°C""}","{""intent"": ""ajustar"", ""dispositivo"": ""aire_acondicionador"", ""ubicacion"": ""cocina"", ""valor"": 80, ""unidad"": ""°C""}",True,,60.687,True,False,True,False,False,False
SmolLM2-1.7B-Instruct,19,Subí un poco el volumen del parlante del dormitorio.,"{""intent"": ""ajustar"", ""dispositivo"": ""parlante"", ""ubicacion"": ""dormitorio"", ""valor"": null, ""unidad"": null}","{""intent"": ""ajustar"", ""dispositivo"": ""parlante"", ""ubicacion"": ""dormitorio"", ""valor"": 5, ""unidad"": ""decibelos""}","{""intent"": ""ajustar"", ""dispositivo"": ""parlante"", ""ubicacion"": ""dormitorio"", ""valor"": 5, ""unidad"": ""decibelos""}",True,,60.895,True,True,True,False,False,False
SmolLM2-1.7B-Instruct,20,"La persiana del baño no cerró del todo, bajala un toque más.","{""intent"": ""ajustar"", ""dispositivo"": ""persiana"", ""ubicacion"": ""bano"", ""valor"": null, ""unidad"": null}","{""intent"": ""ajustar"", ""dispositivo"": ""persiana"", ""ubicacion"": ""bano"", ""valor"": null, ""unidad"": null}","{""intent"": ""ajustar"", ""dispositivo"": ""persiana"", ""ubicacion"": ""bano"", ""valor"": null, ""unidad"": null}",True,,57.498,True,True,True,True,True,True
SmolLM2-1.7B-Instruct,21,Subile más luz al living que está muy oscuro.,"{""intent"": ""ajustar"", ""dispositivo"": ""luz"", ""ubicacion"": ""living"", ""valor"": null, ""unidad"": null}","{""intent"": ""ajustar"", ""dispositivo"": ""luz"", ""ubicacion"": ""living"", ""valor"": 50, ""unidad"": ""°C""}","{""intent"": ""ajustar"", ""dispositivo"": ""luz"", ""ubicacion"": ""living"", ""valor"": 50, ""unidad"": ""°C""}",True,,71.898,True,True,True,False,False,False
SmolLM2-1.7B-Instruct,22,Apagá todas las luces de la casa.,"{""intent"": ""apagar"", ""dispositivo"": ""luz"", ""ubicacion"": ""todas"", ""valor"": null, ""unidad"": null}","{""intent"": ""apagar"", ""dispositivo"": ""luz"", ""ubicacion"": ""todas"", ""valor"": null, ""unidad"": null}","{""intent"": ""apagar"", ""dispositivo"": ""luz"", ""ubicacion"": ""todas"", ""valor"": null, ""unidad"": null}",True,,55.598,True,True,True,True,True,True
SmolLM2-1.7B-Instruct,23,Prendé todos los aires acondicionados.,"{""intent"": ""encender"", ""dispositivo"": ""aire_acondicionado"", ""ubicacion"": ""todas"", ""valor"": null, ""unidad"": null}","{""intent"": ""encender"", ""dispositivo"": ""aire_acondicionador"", ""ubicacion"": ""todos"", ""valor"": null, ""unidad"": null}","{""intent"": ""encender"", ""dispositivo"": ""aire_acondicionador"", ""ubicacion"": ""todos"", ""valor"": null, ""unidad"": null}",True,,56.409,True,False,False,True,True,False
SmolLM2-1.7B-Instruct,24,Bajá todas las persianas de la casa.,"{""intent"": ""ajustar"", ""dispositivo"": ""persiana"", ""ubicacion"": ""todas"", ""valor"": 0, ""unidad"": ""%""}","{""intent"": ""apagar"", ""dispositivo"": ""persiana"", ""ubicacion"": ""todas"", ""valor"": null, ""unidad"": null}","{""intent"": ""apagar"", ""dispositivo"": ""persiana"", ""ubicacion"": ""todas"", ""valor"": null, ""unidad"": null}",True,,54.597,False,True,True,False,False,False
SmolLM2-1.7B-Instruct,25,Apagá todo antes de dormir.,"{""intent"": ""apagar"", ""dispositivo"": ""todos"", ""ubicacion"": ""todas"", ""valor"": null, ""unidad"": null}","{""intent"": ""apagar"", ""dispositivo"": ""todos"", ""ubicacion"": ""todas"", ""valor"": null, ""unidad"": null}","{""intent"": ""apagar"", ""dispositivo"": ""todos"", ""ubicacion"": ""todas"", ""valor"": null, ""unidad"": null}",True,,56.847,True,True,True,True,True,True
SmolLM2-1.7B-Instruct,26,¿Está prendida la luz del living?,"{""intent"": ""consultar"", ""dispositivo"": ""luz"", ""ubicacion"": ""living"", ""valor"": null, ""unidad"": null}","{""intent"": ""encender"", ""dispositivo"": ""luz"", ""ubicacion"": ""living"", ""valor"": null, ""unidad"": null}","{""intent"": ""encender"", ""dispositivo"": ""luz"", ""ubicacion"": ""living"", ""valor"": null, ""unidad"": null}",True,,55.761,False,True,True,True,True,False
SmolLM2-1.7B-Instruct,27,¿A cuántos grados está el aire del dormitorio?,"{""intent"": ""consultar"", ""dispositivo"": ""aire_acondicionado"", ""ubicacion"": ""dormitorio"", ""valor"": null, ""unidad"": null}","{""intent"": ""consultar"", ""dispositivo"": ""aire_acondicionado"", ""ubicacion"": ""dormitorio"", ""valor"": null, ""unidad"": ""°C""}","{""intent"": ""consultar"", ""dispositivo"": ""aire_acondicionado"", ""ubicacion"": ""dormitorio"", ""valor"": null, ""unidad"": ""°C""}",True,,59.923,True,True,True,True,False,False
SmolLM2-1.7B-Instruct,28,¿Quedó cerrada la cerradura de la entrada?,"{""intent"": ""consultar"", ""dispositivo"": ""cerradura"", ""ubicacion"": ""entrada"", ""valor"": null, ""unidad"": null}","{""intent"": ""consultar"", ""dispositivo"": ""cerradura"", ""ubicacion"": ""entrada"", ""valor"": null, ""unidad"": null}","{""intent"": ""consultar"", ""dispositivo"": ""cerradura"", ""ubicacion"": ""entrada"", ""valor"": null, ""unidad"": null}",True,,56.288,True,True,True,True,True,True
SmolLM2-1.7B-Instruct,29,"No dejes prendida la luz de la cocina, apagala.","{""intent"": ""apagar"", ""dispositivo"": ""luz"", ""ubicacion"": ""cocina"", ""valor"": null, ""unidad"": null}","{""intent"": ""apagar"", ""dispositivo"": ""luz"", ""ubicacion"": ""cocina"", ""valor"": null, ""unidad"": null}","{""intent"": ""apagar"", ""dispositivo"": ""luz"", ""ubicacion"": ""cocina"", ""valor"": null, ""unidad"": null}",True,,54.924,True,True,True,True,True,True
SmolLM2-1.7B-Instruct,30,"Che, la tele del living quedó prendida, apagala por favor.","{""intent"": ""apagar"", ""dispositivo"": ""tv"", ""ubicacion"": ""living"", ""valor"": null, ""unidad"": null}","{""intent"": ""ajustar"", ""dispositivo"": ""tv"", ""ubicacion"": ""living"", ""valor"": 100, ""unidad"": ""°C""}","{""intent"": ""ajustar"", ""dispositivo"": ""tv"", ""ubicacion"": ""living"", ""valor"": 100, ""unidad"": ""°C""}",True,,56.088,False,True,True,False,False,False
SmolLM2-1.7B-Instruct,31,"Antes me olvidé, prendé la luz del baño.","{""intent"": ""encender"", ""dispositivo"": ""luz"", ""ubicacion"": ""bano"", ""valor"": null, ""unidad"": null}","{""intent"": ""encender"", ""dispositivo"": ""luz"", ""ubicacion"": ""bano"", ""valor"": null, ""unidad"": null}","{""intent"": ""encender"", ""dispositivo"": ""luz"", ""ubicacion"": ""bano"", ""valor"": null, ""unidad"": null}",True,,54.737,True,True,True,True,True,True
